date,region,population,google_ads_impressions,display_impressions,facebook_impressions,google_ads_cost,facebook_cost,display_cost,conversions
2023-03-06,Vastra Gotaland County,1772821,23626,366724,220944,36436.54,24089.01,7158.54,20
2023-03-06,Vastmanland County,281158,46,0,238,1.9,18.52,0.0,1
2023-03-06,Vasternorrland County,241458,54,0,262,32.75,21.32,0.0,1
2023-03-06,Vasterbotten County,281138,59,0,265,43.36,21.75,0.0,1
2023-03-06,Uppsala County,407912,59,0,468,54.59,41.99,0.0,4
2023-03-06,Stockholm County,2473307,911,0,2340,561.38,236.57,0.0,7
2023-03-06,Sodermanland County,301542,46,0,285,59.69,33.49,0.0,3
2023-03-06,Skane County,1428626,464,0,1809,164.23,157.66,0.0,5
2023-03-06,Ostergotland County,472446,1594,0,562,1670.11,51.17,0.0,1
2023-03-06,Orebro County,308375,1051,0,444,577.64,41.95,0.0,2
2023-03-06,Kronoberg County,203351,83,0,260,24.05,18.55,0.0,2
2023-03-06,Jonkoping County,370009,1515,0,607,1643.24,46.65,0.0,1
2023-03-06,Jamtland County,132839,31,0,111,11.74,8.97,0.0,1
2023-03-06,Halland County,345074,1915,197169,143929,1604.34,14901.6,5348.45,2
2023-03-06,Dalarna County,286546,63,0,308,20.79,24.53,0.0,1
2023-03-06,Blekinge County,157223,36,0,161,128.86,17.78,0.0,1
2023-03-13,Vastra Gotaland County,1772821,23366,313916,177859,44129.21,18870.82,6786.16,18
2023-03-13,Vastmanland County,281158,41,0,260,33.28,20.46,0.0,2
2023-03-13,Vasternorrland County,241458,34,0,275,9.18,20.3,0.0,1
2023-03-13,Varmland County,283384,1363,0,568,1948.57,48.53,0.0,1
2023-03-13,Uppsala County,407912,55,0,425,72.9,35.87,0.0,2
2023-03-13,Stockholm County,2473307,837,0,2474,936.44,259.8,0.0,5
2023-03-13,Skane County,1428626,326,0,1845,527.99,165.62,0.0,8
2023-03-13,Ostergotland County,472446,1720,0,457,1709.25,42.44,0.0,2
2023-03-13,Orebro County,308375,1223,0,504,1542.07,52.26,0.0,3
2023-03-13,Norrbotten County,248620,22,0,322,6.7,25.49,0.0,1
2023-03-13,Kronoberg County,203351,62,0,345,66.09,25.82,0.0,1
2023-03-13,Jonkoping County,370009,1858,0,507,2474.9,36.48,0.0,2
2023-03-13,Jamtland County,132839,23,0,148,1.2,8.35,0.0,1
2023-03-13,Halland County,345074,1887,185231,128696,2326.1,12876.35,4965.74,6
2023-03-13,Gotland County,60971,15,0,96,7.96,7.71,0.0,1
2023-03-13,Gavleborg County,284558,52,0,386,100.71,26.76,0.0,3
2023-03-13,Dalarna County,286546,55,0,364,14.83,27.81,0.0,3
2023-03-20,Vastra Gotaland County,1772821,20500,297886,164710,39083.37,19414.38,6497.26,16
2023-03-20,Vastmanland County,281158,51,0,263,205.6,24.43,0.0,1
2023-03-20,Vasternorrland County,241458,20,0,231,1.89,19.31,0.0,2
2023-03-20,Vasterbotten County,281138,22,0,326,47.62,28.53,0.0,1
2023-03-20,Varmland County,283384,1230,0,453,1131.04,40.01,0.0,2
2023-03-20,Uppsala County,407912,80,0,439,298.17,42.98,0.0,3
2023-03-20,Stockholm County,2473307,794,0,2246,1055.52,245.09,0.0,7
2023-03-20,Sodermanland County,301542,32,0,303,1.22,30.18,0.0,3
2023-03-20,Skane County,1428626,310,0,1720,294.5,179.59,0.0,9
2023-03-20,Ostergotland County,472446,1635,0,452,2183.69,36.74,0.0,2
2023-03-20,Orebro County,308375,1139,0,388,1140.66,43.66,0.0,2
2023-03-20,Kronoberg County,203351,44,0,192,36.27,14.16,0.0,2
2023-03-20,Kalmar County,246352,60,0,196,230.91,35.14,0.0,1
2023-03-20,Jonkoping County,370009,1758,0,461,2049.27,47.48,0.0,1
2023-03-20,Jamtland County,132839,20,0,146,98.04,14.02,0.0,1
2023-03-20,Halland County,345074,1789,154476,122136,2698.52,13300.0,4361.42,2
2023-03-20,Gavleborg County,284558,51,0,273,65.61,24.5,0.0,1
2023-03-20,Dalarna County,286546,36,0,301,28.65,24.76,0.0,2
2023-03-27,Vastra Gotaland County,1772821,22333,258315,195891,44643.08,20980.17,6867.97,22
2023-03-27,Vastmanland County,281158,55,0,295,16.92,45.58,0.0,2
2023-03-27,Vasternorrland County,241458,33,0,229,12.23,21.12,0.0,1
2023-03-27,Varmland County,283384,1314,0,396,1167.45,31.71,0.0,2
2023-03-27,Uppsala County,407912,60,0,343,11.91,28.56,0.0,1
2023-03-27,Stockholm County,2473307,824,0,2009,737.11,192.67,0.0,4
2023-03-27,Sodermanland County,301542,43,0,300,15.57,30.02,0.0,1
2023-03-27,Skane County,1428626,359,0,1681,331.85,149.39,0.0,9
2023-03-27,Orebro County,308375,1096,0,396,1148.84,44.04,0.0,2
2023-03-27,Jonkoping County,370009,1576,0,432,1722.46,40.78,0.0,1
2023-03-27,Halland County,345074,1879,146301,132313,3008.53,13756.77,4666.89,4
2023-03-27,Gavleborg County,284558,53,0,257,25.98,19.16,0.0,1
2023-03-27,Dalarna County,286546,68,0,327,13.67,26.72,0.0,1
2023-04-03,Vastra Gotaland County,1772821,20127,482164,204578,39392.92,20733.81,10496.06,22
2023-04-03,Vastmanland County,281158,46,0,224,11.73,17.39,0.0,1
2023-04-03,Vasternorrland County,241458,38,0,222,25.14,19.21,0.0,1
2023-04-03,Varmland County,283384,1106,0,454,1300.13,38.16,0.0,1
2023-04-03,Uppsala County,407912,52,0,352,21.81,33.72,0.0,1
2023-04-03,Stockholm County,2473307,789,0,2094,766.76,215.06,0.0,8
2023-04-03,Skane County,1428626,371,0,1589,204.36,156.04,0.0,7
2023-04-03,Orebro County,308375,999,0,377,936.15,45.75,0.0,2
2023-04-03,Norrbotten County,248620,20,0,193,62.11,18.26,0.0,1
2023-04-03,Kronoberg County,203351,56,0,276,17.67,22.73,0.0,2
2023-04-03,Jonkoping County,370009,1320,0,520,1335.53,48.17,0.0,3
2023-04-03,Halland County,345074,1760,259755,134569,2842.39,13087.69,7745.03,3
2023-04-03,Gotland County,60971,10,0,49,45.61,5.58,0.0,1
2023-04-03,Gavleborg County,284558,60,0,364,51.96,28.01,0.0,1
2023-04-03,Dalarna County,286546,92,0,314,19.5,31.16,0.0,1
2023-04-03,Blekinge County,157223,44,0,240,39.88,22.89,0.0,2
2023-04-10,Vastra Gotaland County,1772821,18104,557206,181924,44365.93,18325.7,10178.03,19
2023-04-10,Vastmanland County,281158,36,0,255,19.12,31.8,0.0,1
2023-04-10,Uppsala County,407912,54,0,386,44.83,39.17,0.0,3
2023-04-10,Stockholm County,2473307,702,0,2289,845.84,246.34,0.0,1
2023-04-10,Sodermanland County,301542,53,0,352,163.01,36.89,0.0,1
2023-04-10,Skane County,1428626,332,0,1846,224.2,160.85,0.0,3
2023-04-10,Orebro County,308375,934,0,425,1818.51,50.27,0.0,2
2023-04-10,Kronoberg County,203351,60,0,293,102.79,25.7,0.0,1
2023-04-10,Kalmar County,246352,78,0,275,39.9,27.24,0.0,2
2023-04-10,Jonkoping County,370009,1284,0,512,1446.67,42.17,0.0,1
2023-04-10,Jamtland County,132839,17,0,89,123.43,7.39,0.0,2
2023-04-10,Halland County,345074,1522,279406,146683,2831.87,13192.86,7294.59,2
2023-04-10,Gavleborg County,284558,52,0,386,65.02,27.41,0.0,3
2023-04-10,Blekinge County,157223,38,0,184,165.92,15.57,0.0,2
2023-04-17,Vastra Gotaland County,1772821,16305,503763,158878,25386.12,17419.62,9402.49,19
2023-04-17,Vasternorrland County,241458,43,0,327,31.46,30.57,0.0,1
2023-04-17,Vasterbotten County,281138,40,0,270,19.58,23.62,0.0,2
2023-04-17,Varmland County,283384,654,0,411,498.33,33.89,0.0,1
2023-04-17,Uppsala County,407912,80,0,416,23.51,32.37,0.0,1
2023-04-17,Stockholm County,2473307,868,0,2293,516.97,272.21,0.0,9
2023-04-17,Skane County,1428626,345,0,1707,440.74,166.33,0.0,3
2023-04-17,Orebro County,308375,544,0,349,488.58,54.54,0.0,1
2023-04-17,Kronoberg County,203351,59,0,284,59.38,18.7,0.0,2
2023-04-17,Kalmar County,246352,63,0,198,20.55,23.08,0.0,1
2023-04-17,Jonkoping County,370009,865,0,426,507.82,45.92,0.0,1
2023-04-17,Jamtland County,132839,24,0,74,35.61,5.19,0.0,1
2023-04-17,Halland County,345074,1211,245175,113601,1539.1,12509.54,6639.96,4
2023-04-17,Dalarna County,286546,63,0,334,42.38,26.28,0.0,1
2023-04-17,Blekinge County,157223,35,0,128,9.48,16.64,0.0,1
2023-04-24,Vastra Gotaland County,1772821,16282,401472,99098,24246.51,11031.9,7829.73,23
2023-04-24,Vastmanland County,281158,35,0,205,13.67,18.77,0.0,1
2023-04-24,Vasternorrland County,241458,30,0,211,19.37,17.18,0.0,2
2023-04-24,Uppsala County,407912,58,0,469,18.53,48.08,0.0,2
2023-04-24,Stockholm County,2473307,1009,0,2117,720.79,200.14,0.0,6
2023-04-24,Skane County,1428626,397,0,1417,403.73,114.63,0.0,12
2023-04-24,Ostergotland County,472446,669,0,377,404.98,28.71,0.0,3
2023-04-24,Orebro County,308375,512,0,320,401.31,32.6,0.0,3
2023-04-24,Norrbotten County,248620,20,0,167,40.73,9.16,0.0,1
2023-04-24,Kronoberg County,203351,52,0,248,19.13,19.9,0.0,2
2023-04-24,Kalmar County,246352,52,0,206,46.06,17.61,0.0,3
2023-04-24,Jonkoping County,370009,674,0,458,430.27,36.98,0.0,2
2023-04-24,Jamtland County,132839,9,0,89,6.46,6.57,0.0,1
2023-04-24,Halland County,345074,1032,206698,73152,1245.05,7236.26,5009.94,4
2023-04-24,Gavleborg County,284558,52,0,288,278.89,25.95,0.0,1
2023-04-24,Blekinge County,157223,23,0,125,28.65,11.99,0.0,1
2023-05-01,Vastra Gotaland County,1772821,15373,366910,134544,24675.12,11876.92,6380.48,22
2023-05-01,Vastmanland County,281158,41,0,199,9.84,15.61,0.0,2
2023-05-01,Vasternorrland County,241458,34,0,236,23.0,17.88,0.0,1
2023-05-01,Uppsala County,407912,70,0,403,53.01,25.42,0.0,2
2023-05-01,Stockholm County,2473307,985,0,2169,609.31,184.53,0.0,5
2023-05-01,Sodermanland County,301542,53,0,281,35.19,21.95,0.0,3
2023-05-01,Skane County,1428626,396,0,1675,204.62,131.81,0.0,4
2023-05-01,Ostergotland County,472446,593,0,390,639.56,28.94,0.0,3
2023-05-01,Norrbotten County,248620,14,0,197,2.14,14.15,0.0,1
2023-05-01,Kronoberg County,203351,61,0,244,58.7,15.17,0.0,1
2023-05-01,Kalmar County,246352,62,0,258,47.46,23.5,0.0,3
2023-05-01,Halland County,345074,819,283355,77556,1093.56,7075.9,7680.37,4
2023-05-01,Gavleborg County,284558,39,0,285,64.02,16.28,0.0,1
2023-05-01,Dalarna County,286546,59,0,299,46.31,20.6,0.0,2
2023-05-01,Blekinge County,157223,27,0,154,1.73,11.17,0.0,1
2023-05-08,Vastra Gotaland County,1772821,13620,417792,95994,24997.14,10293.49,6204.74,21
2023-05-08,Vasternorrland County,241458,36,0,164,9.06,17.07,0.0,2
2023-05-08,Vasterbotten County,281138,31,0,197,83.61,14.98,0.0,2
2023-05-08,Uppsala County,407912,55,0,337,45.78,32.66,0.0,2
2023-05-08,Stockholm County,2473307,980,0,1703,900.24,175.65,0.0,4
2023-05-08,Sodermanland County,301542,48,0,240,16.34,17.67,0.0,2
2023-05-08,Skane County,1428626,419,0,1355,249.4,130.3,0.0,7
2023-05-08,Ostergotland County,472446,204,0,289,167.56,30.4,0.0,1
2023-05-08,Orebro County,308375,126,0,305,139.44,30.03,0.0,3
2023-05-08,Kronoberg County,203351,48,0,212,21.22,18.88,0.0,2
2023-05-08,Jonkoping County,370009,204,0,423,111.41,43.38,0.0,1
2023-05-08,Jamtland County,132839,13,0,152,8.49,11.38,0.0,1
2023-05-08,Halland County,345074,502,284359,74305,642.06,7069.11,6839.94,5
2023-05-08,Gavleborg County,284558,53,0,197,69.43,12.07,0.0,1
2023-05-08,Dalarna County,286546,56,0,197,36.73,17.0,0.0,2
2023-05-08,Blekinge County,157223,42,0,99,53.28,8.77,0.0,1
2023-05-15,Vastra Gotaland County,1772821,1220674,1122509,567499,86157.39,30074.49,41475.65,17
2023-05-15,Vastmanland County,281158,39,0,174,20.33,13.45,0.0,2
2023-05-15,Vasterbotten County,281138,33,0,254,17.85,24.81,0.0,2
2023-05-15,Varmland County,283384,198,0,300,393.64,22.53,0.0,2
2023-05-15,Uppsala County,407912,35,0,247,66.77,18.08,0.0,1
2023-05-15,Stockholm County,2473307,846,0,1773,1337.19,191.15,0.0,6
2023-05-15,Sodermanland County,301542,57,0,242,13.85,20.96,0.0,2
2023-05-15,Skane County,1428626,342,0,1199,209.24,114.38,0.0,6
2023-05-15,Ostergotland County,472446,249,0,292,473.97,26.76,0.0,1
2023-05-15,Orebro County,308375,200,0,303,314.54,41.14,0.0,3
2023-05-15,Kronoberg County,203351,47,0,172,40.05,17.3,0.0,2
2023-05-15,Jonkoping County,370009,283,0,412,175.97,40.94,0.0,1
2023-05-15,Halland County,345074,33291,326277,114306,2854.6,8617.18,8083.93,4
2023-05-15,Gavleborg County,284558,42,0,276,17.69,27.74,0.0,2
2023-05-15,Dalarna County,286546,46,0,199,104.2,13.14,0.0,1
2023-05-22,Vastra Gotaland County,1772821,1461979,1144364,462613,95628.16,29844.59,40332.61,21
2023-05-22,Vastmanland County,281158,40,0,213,7.99,19.23,0.0,1
2023-05-22,Vasternorrland County,241458,34,0,204,2.47,24.63,0.0,1
2023-05-22,Varmland County,283384,174,0,291,158.4,25.29,0.0,1
2023-05-22,Uppsala County,407912,35,0,247,21.27,24.04,0.0,1
2023-05-22,Stockholm County,2473307,868,0,1408,776.4,163.81,0.0,6
2023-05-22,Sodermanland County,301542,40,0,200,15.4,19.62,0.0,2
2023-05-22,Skane County,1428626,341,0,1245,276.75,139.29,0.0,7
2023-05-22,Ostergotland County,472446,299,0,353,174.67,47.86,0.0,1
2023-05-22,Orebro County,308375,172,0,339,224.92,47.83,0.0,1
2023-05-22,Kronoberg County,203351,54,0,169,29.18,17.71,0.0,1
2023-05-22,Kalmar County,246352,45,0,140,141.96,13.06,0.0,2
2023-05-22,Jonkoping County,370009,256,0,414,543.11,38.73,0.0,1
2023-05-22,Halland County,345074,38321,305904,99852,2602.83,8556.31,7364.3,5
2023-05-22,Gavleborg County,284558,45,0,236,10.92,26.95,0.0,1
2023-05-22,Dalarna County,286546,59,0,200,9.19,19.78,0.0,1
2023-05-22,Blekinge County,157223,29,0,167,11.61,13.06,0.0,2
2023-05-29,Vastra Gotaland County,1772821,414268,843305,379275,39385.45,19197.05,25815.23,22
2023-05-29,Vasternorrland County,241458,23,0,359,29.36,23.07,0.0,1
2023-05-29,Vasterbotten County,281138,39,0,339,64.98,22.01,0.0,1
2023-05-29,Uppsala County,407912,68,0,1301,106.83,72.85,0.0,3
2023-05-29,Stockholm County,2473307,939,0,15119,871.74,801.78,0.0,3
2023-05-29,Sodermanland County,301542,63,0,1292,58.56,71.72,0.0,1
2023-05-29,Skane County,1428626,344,0,14169,137.82,710.86,0.0,8
2023-05-29,Ostergotland County,472446,266,0,2217,522.95,125.54,0.0,1
2023-05-29,Orebro County,308375,166,0,3104,103.42,158.48,0.0,1
2023-05-29,Norrbotten County,248620,31,0,440,4.11,25.52,0.0,1
2023-05-29,Kronoberg County,203351,64,0,1947,193.95,97.07,0.0,2
2023-05-29,Jonkoping County,370009,208,0,7125,436.77,337.46,0.0,2
2023-05-29,Halland County,345074,12920,303778,97302,967.19,6968.57,7196.13,2
2023-05-29,Blekinge County,157223,14,0,1461,0.57,68.71,0.0,2
2023-06-05,Vastra Gotaland County,1772821,14552,578321,80437,29528.0,7674.38,10680.83,20
2023-06-05,Vastmanland County,281158,32,0,131,12.13,10.24,0.0,1
2023-06-05,Vasternorrland County,241458,22,0,123,9.92,12.3,0.0,1
2023-06-05,Vasterbotten County,281138,18,0,124,11.93,8.55,0.0,1
2023-06-05,Varmland County,283384,233,0,284,231.05,24.4,0.0,3
2023-06-05,Stockholm County,2473307,808,0,1142,505.88,138.34,0.0,2
2023-06-05,Sodermanland County,301542,53,0,217,12.3,20.12,0.0,2
2023-06-05,Skane County,1428626,357,0,997,262.68,97.0,0.0,6
2023-06-05,Ostergotland County,472446,354,0,414,612.01,39.41,0.0,1
2023-06-05,Kronoberg County,203351,49,0,170,31.04,12.77,0.0,1
2023-06-05,Jonkoping County,370009,383,0,316,864.45,25.48,0.0,2
2023-06-05,Jamtland County,132839,10,0,64,10.09,10.53,0.0,1
2023-06-05,Halland County,345074,804,356138,65955,746.98,4891.2,7614.09,3
2023-06-05,Blekinge County,157223,33,0,141,12.53,12.21,0.0,1
2023-06-12,Vastra Gotaland County,1772821,15332,524849,123247,30308.98,10968.43,10129.97,24
2023-06-12,Vastmanland County,281158,29,0,43,17.65,2.58,0.0,2
2023-06-12,Vasternorrland County,241458,24,0,56,22.07,6.18,0.0,2
2023-06-12,Vasterbotten County,281138,17,0,39,2.32,2.08,0.0,1
2023-06-12,Uppsala County,407912,56,0,88,31.98,6.5,0.0,2
2023-06-12,Stockholm County,2473307,805,0,470,722.73,51.05,0.0,4
2023-06-12,Sodermanland County,301542,44,0,70,10.62,7.21,0.0,4
2023-06-12,Skane County,1428626,306,0,390,397.63,38.85,0.0,5
2023-06-12,Ostergotland County,472446,411,0,122,587.36,9.69,0.0,2
2023-06-12,Orebro County,308375,241,0,96,196.95,9.12,0.0,3
2023-06-12,Kalmar County,246352,51,0,77,45.57,7.51,0.0,1
2023-06-12,Jonkoping County,370009,338,0,135,752.33,13.28,0.0,3
2023-06-12,Jamtland County,132839,14,0,23,10.26,2.7,0.0,1
2023-06-12,Halland County,345074,780,274740,101899,1183.09,7771.07,7064.51,7
2023-06-12,Dalarna County,286546,57,0,49,5.62,2.71,0.0,1
2023-06-19,Vastra Gotaland County,1772821,13340,470584,97129,26982.61,8848.08,8214.44,23
2023-06-19,Vastmanland County,281158,31,0,0,17.67,0.0,0.0,1
2023-06-19,Varmland County,283384,196,2,0,216.4,0.0,0.08,1
2023-06-19,Uppsala County,407912,34,0,0,20.57,0.0,0.0,1
2023-06-19,Stockholm County,2473307,638,6,0,403.31,0.0,0.23,5
2023-06-19,Sodermanland County,301542,39,0,0,15.87,0.0,0.0,2
2023-06-19,Skane County,1428626,266,4,0,188.82,0.0,0.25,9
2023-06-19,Ostergotland County,472446,260,0,0,247.76,0.0,0.0,1
2023-06-19,Orebro County,308375,209,0,0,294.03,0.0,0.0,1
2023-06-19,Kronoberg County,203351,45,0,0,17.68,0.0,0.0,1
2023-06-19,Jonkoping County,370009,242,5,0,161.87,0.0,0.02,2
2023-06-19,Halland County,345074,676,241457,99601,618.18,7052.68,6167.91,2
2023-06-19,Gavleborg County,284558,49,0,0,58.6,0.0,0.0,1
2023-06-19,Dalarna County,286546,33,0,0,15.23,0.0,0.0,1
2023-06-19,Blekinge County,157223,20,0,0,3.59,0.0,0.0,2
2023-06-26,Vastra Gotaland County,1772821,16539,243269,136240,36578.35,9288.84,6843.37,20
2023-06-26,Vastmanland County,281158,40,0,0,54.04,0.0,0.0,1
2023-06-26,Vasternorrland County,241458,39,0,0,23.19,0.0,0.0,2
2023-06-26,Uppsala County,407912,57,0,0,135.01,0.0,0.0,3
2023-06-26,Stockholm County,2473307,826,15,0,438.2,0.0,0.53,6
2023-06-26,Sodermanland County,301542,52,0,0,51.42,0.0,0.0,2
2023-06-26,Skane County,1428626,367,17,0,300.41,0.0,0.82,7
2023-06-26,Orebro County,308375,168,0,0,154.52,0.0,0.0,1
2023-06-26,Kronoberg County,203351,47,1,0,18.4,0.0,0.04,1
2023-06-26,Jonkoping County,370009,230,7,18,396.62,0.53,0.16,1
2023-06-26,Halland County,345074,674,168713,117154,963.17,6843.23,5648.17,5
2023-06-26,Gavleborg County,284558,39,0,0,17.57,0.0,0.0,1
2023-06-26,Dalarna County,286546,54,0,0,72.83,0.0,0.0,3
2023-07-03,Vastra Gotaland County,1772821,17789,136777,156495,33055.76,8638.28,9804.42,21
2023-07-03,Vastmanland County,281158,43,0,0,57.95,0.0,0.0,1
2023-07-03,Vasternorrland County,241458,50,1,0,13.04,0.0,0.07,3
2023-07-03,Vasterbotten County,281138,37,0,0,16.23,0.0,0.0,1
2023-07-03,Varmland County,283384,298,1,0,613.26,0.0,0.07,2
2023-07-03,Uppsala County,407912,61,0,0,96.75,0.0,0.0,3
2023-07-03,Stockholm County,2473307,978,8,0,465.07,0.0,0.6,3
2023-07-03,Sodermanland County,301542,67,0,0,81.14,0.0,0.0,1
2023-07-03,Skane County,1428626,466,11,0,269.91,0.0,0.59,4
2023-07-03,Ostergotland County,472446,388,1,0,352.99,0.0,0.06,2
2023-07-03,Orebro County,308375,245,0,0,402.38,0.0,0.0,1
2023-07-03,Norrbotten County,248620,41,0,0,109.15,0.0,0.0,1
2023-07-03,Kronoberg County,203351,59,0,0,28.41,0.0,0.0,2
2023-07-03,Jonkoping County,370009,406,781,51,743.94,1.96,52.87,2
2023-07-03,Jamtland County,132839,23,0,0,57.4,0.0,0.0,1
2023-07-03,Halland County,345074,850,133364,97925,1556.72,4673.19,6437.71,4
2023-07-03,Gavleborg County,284558,50,0,0,303.84,0.0,0.0,1
2023-07-03,Dalarna County,286546,80,0,0,61.04,0.0,0.0,1
2023-07-03,Blekinge County,157223,22,2,0,3.5,0.0,0.16,1
2023-07-10,Vastra Gotaland County,1772821,16150,64947,59144,39347.6,4682.23,6020.08,22
2023-07-10,Varmland County,283384,494,1,0,1175.53,0.0,0.04,2
2023-07-10,Uppsala County,407912,62,1,0,31.71,0.0,0.04,1
2023-07-10,Stockholm County,2473307,629,4,0,455.25,0.0,0.21,5
2023-07-10,Skane County,1428626,394,8,0,455.98,0.0,0.3,5
2023-07-10,Ostergotland County,472446,619,0,0,862.31,0.0,0.0,3
2023-07-10,Orebro County,308375,370,0,0,376.04,0.0,0.0,1
2023-07-10,Norrbotten County,248620,26,0,0,7.86,0.0,0.0,1
2023-07-10,Kronoberg County,203351,64,1,0,202.85,0.0,0.04,3
2023-07-10,Kalmar County,246352,44,1,0,16.88,0.0,0.04,1
2023-07-10,Jonkoping County,370009,558,5,0,793.64,0.0,0.19,1
2023-07-10,Halland County,345074,984,112467,84605,1227.6,4575.28,5514.07,4
2023-07-10,Gavleborg County,284558,56,0,0,31.55,0.0,0.0,2
2023-07-10,Dalarna County,286546,62,1,0,43.4,0.0,0.03,1
2023-07-10,Blekinge County,157223,38,0,0,41.8,0.0,0.0,1
2023-07-17,Vastra Gotaland County,1772821,13116,110430,75512,31403.29,5246.59,7408.54,7
2023-07-17,Stockholm County,2473307,589,17,0,403.13,0.0,0.85,1
2023-07-17,Skane County,1428626,300,51,0,415.25,0.0,3.04,1
2023-07-17,Kronoberg County,203351,31,13,0,27.54,0.0,0.6,2
2023-07-17,Kalmar County,246352,64,3,0,107.01,0.0,0.12,1
2023-07-17,Gotland County,60971,9,0,0,49.96,0.0,0.0,1
2023-07-17,Gavleborg County,284558,91,5,0,123.95,0.0,0.22,1
2023-07-24,Vastra Gotaland County,1772821,15222,113943,95439,39083.93,6421.46,7593.09,9
2023-07-24,Varmland County,283384,396,15,0,348.8,0.0,0.91,1
2023-07-24,Stockholm County,2473307,672,41,0,659.79,0.0,3.17,4
2023-07-24,Skane County,1428626,377,67,0,643.19,0.0,4.09,1
2023-07-24,Ostergotland County,472446,543,12,0,770.81,0.0,0.62,1
2023-07-24,Jonkoping County,370009,582,225,6,540.36,0.56,15.78,1
2023-07-24,Jamtland County,132839,25,3,0,9.53,0.0,0.15,1
2023-07-24,Halland County,345074,857,96386,138357,1146.06,5474.44,6119.57,1
2023-07-24,Dalarna County,286546,65,4,0,25.75,0.0,0.33,2
2023-07-31,Vastra Gotaland County,1772821,15992,139414,148498,37972.24,10338.64,8988.94,12
2023-07-31,Stockholm County,2473307,730,41,0,530.88,0.0,2.64,3
2023-07-31,Skane County,1428626,431,86,0,476.31,0.0,5.48,1
2023-07-31,Orebro County,308375,313,4,0,892.69,0.0,0.16,1
2023-07-31,Kalmar County,246352,90,17,0,75.6,0.0,0.87,1
2023-07-31,Halland County,345074,875,110399,151759,1958.11,7086.1,5710.42,2
2023-07-31,Gavleborg County,284558,59,0,0,56.96,0.0,0.0,1
2023-08-07,Vastra Gotaland County,1772821,16980,142006,158966,37993.31,10819.76,7973.58,18
2023-08-07,Vasternorrland County,241458,44,0,0,59.94,0.0,0.0,1
2023-08-07,Varmland County,283384,290,11,0,208.69,0.0,0.51,2
2023-08-07,Uppsala County,407912,55,5,0,42.07,0.0,0.24,2
2023-08-07,Stockholm County,2473307,781,45,0,621.96,0.0,2.18,6
2023-08-07,Sodermanland County,301542,66,8,0,101.53,0.0,0.37,1
2023-08-07,Skane County,1428626,455,72,0,424.25,0.0,3.82,5
2023-08-07,Ostergotland County,472446,458,15,0,977.95,0.0,0.69,1
2023-08-07,Orebro County,308375,225,7,0,211.13,0.0,0.26,1
2023-08-07,Jonkoping County,370009,378,425,4,320.13,0.2,28.63,1
2023-08-07,Jamtland County,132839,23,3,0,10.3,0.0,0.11,1
2023-08-07,Halland County,345074,827,113080,151506,1647.26,7313.44,5825.3,5
2023-08-07,Gavleborg County,284558,81,1,0,74.58,0.0,0.03,1
2023-08-07,Blekinge County,157223,35,2,0,16.33,0.0,0.07,1
2023-08-14,Vastra Gotaland County,1772821,16574,135206,141361,36365.63,11260.11,6818.23,20
2023-08-14,Vasternorrland County,241458,39,1,0,108.18,0.0,0.07,1
2023-08-14,Uppsala County,407912,40,4,0,3.25,0.0,0.21,1
2023-08-14,Stockholm County,2473307,774,71,0,677.89,0.0,3.1,7
2023-08-14,Skane County,1428626,338,71,0,324.58,0.0,3.1,7
2023-08-14,Ostergotland County,472446,420,15,0,1131.96,0.0,0.52,1
2023-08-14,Orebro County,308375,238,11,0,241.36,0.0,0.56,1
2023-08-14,Norrbotten County,248620,32,4,0,66.63,0.0,0.07,3
2023-08-14,Kronoberg County,203351,41,11,0,54.06,0.0,0.49,2
2023-08-14,Kalmar County,246352,53,9,0,52.1,0.0,0.48,1
2023-08-14,Jonkoping County,370009,316,411,5,471.8,0.26,27.68,2
2023-08-14,Jamtland County,132839,12,0,0,9.08,0.0,0.0,2
2023-08-14,Halland County,345074,699,113539,160858,1351.31,7358.6,5345.52,4
2023-08-14,Gotland County,60971,10,0,0,3.11,0.0,0.0,1
2023-08-14,Gavleborg County,284558,41,2,0,30.97,0.0,0.05,2
2023-08-14,Dalarna County,286546,39,5,0,125.02,0.0,0.19,2
2023-08-21,Vastra Gotaland County,1772821,18807,122710,142476,40916.06,12012.67,6217.95,21
2023-08-21,Vastmanland County,281158,41,1,0,56.86,0.0,0.08,2
2023-08-21,Vasternorrland County,241458,29,2,0,20.89,0.0,0.11,1
2023-08-21,Varmland County,283384,348,7,0,348.75,0.0,0.31,1
2023-08-21,Uppsala County,407912,56,1,0,41.02,0.0,0.04,4
2023-08-21,Stockholm County,2473307,840,15,0,799.06,0.0,0.7,5
2023-08-21,Sodermanland County,301542,54,3,0,54.69,0.0,0.09,1
2023-08-21,Skane County,1428626,367,57,0,523.58,0.0,2.81,8
2023-08-21,Ostergotland County,472446,520,2,0,370.92,0.0,0.14,1
2023-08-21,Kronoberg County,203351,69,6,0,152.66,0.0,0.29,2
2023-08-21,Jonkoping County,370009,476,148,2,635.64,0.17,9.84,3
2023-08-21,Jamtland County,132839,19,0,0,13.28,0.0,0.0,1
2023-08-21,Halland County,345074,886,94861,145600,1487.52,7337.85,4916.77,5
2023-08-21,Gotland County,60971,9,0,0,15.83,0.0,0.0,1
2023-08-21,Gavleborg County,284558,54,0,0,41.03,0.0,0.0,3
2023-08-28,Vastra Gotaland County,1772821,20284,71307,174017,44164.09,13247.15,2763.78,20
2023-08-28,Vastmanland County,281158,48,5,0,21.99,0.0,0.1,2
2023-08-28,Vasternorrland County,241458,49,13,0,63.44,0.0,0.37,1
2023-08-28,Vasterbotten County,281138,49,117,0,36.21,0.0,3.97,2
2023-08-28,Varmland County,283384,317,27,0,340.93,0.0,0.87,1
2023-08-28,Uppsala County,407912,74,21,0,78.82,0.0,0.72,1
2023-08-28,Stockholm County,2473307,1175,21,0,1003.66,0.0,0.58,5
2023-08-28,Sodermanland County,301542,42,9,0,18.59,0.0,0.23,2
2023-08-28,Skane County,1428626,402,105,0,317.26,0.0,3.06,5
2023-08-28,Ostergotland County,472446,520,28,0,869.82,0.0,1.02,2
2023-08-28,Orebro County,308375,293,13,0,348.26,0.0,0.38,1
2023-08-28,Kronoberg County,203351,51,1,0,82.72,0.0,0.04,3
2023-08-28,Jonkoping County,370009,473,65,6,401.04,0.14,2.26,2
2023-08-28,Jamtland County,132839,18,6,0,6.84,0.0,0.15,1
2023-08-28,Halland County,345074,800,48469,137753,1366.01,6827.96,2059.64,6
2023-08-28,Dalarna County,286546,79,39,0,116.34,0.0,1.28,1
2023-08-28,Blekinge County,157223,36,2,0,58.83,0.0,0.05,1
2023-09-04,Vastra Gotaland County,1772821,17241,108270,174810,38963.92,12832.7,7406.91,18
2023-09-04,Vastmanland County,281158,28,5,0,67.01,0.0,0.31,1
2023-09-04,Vasternorrland County,241458,36,86,0,26.92,0.0,7.28,2
2023-09-04,Varmland County,283384,345,102,0,320.7,0.0,7.31,2
2023-09-04,Uppsala County,407912,69,46,0,77.7,0.0,3.11,2
2023-09-04,Stockholm County,2473307,928,129,0,703.99,0.0,10.0,6
2023-09-04,Skane County,1428626,367,345,0,266.76,0.0,22.54,8
2023-09-04,Ostergotland County,472446,431,86,0,837.22,0.0,6.03,1
2023-09-04,Orebro County,308375,328,35,0,338.51,0.0,2.75,1
2023-09-04,Kronoberg County,203351,56,4,0,122.53,0.0,0.18,2
2023-09-04,Kalmar County,246352,55,122,0,38.66,0.0,8.47,1
2023-09-04,Halland County,345074,885,110049,141222,1583.74,6497.78,4921.82,2
2023-09-04,Gotland County,60971,5,0,0,0.86,0.0,0.0,1
2023-09-04,Blekinge County,157223,30,7,0,18.24,0.0,0.58,1
2023-09-11,Vastra Gotaland County,1772821,19145,127303,232460,47701.86,15221.76,7755.12,21
2023-09-11,Vasternorrland County,241458,35,21,0,29.55,0.0,1.44,1
2023-09-11,Vasterbotten County,281138,50,50,0,42.58,0.0,3.4,2
2023-09-11,Varmland County,283384,410,9,0,464.83,0.0,0.62,4
2023-09-11,Uppsala County,407912,44,9,0,168.86,0.0,0.61,2
2023-09-11,Stockholm County,2473307,857,21,0,1000.0,0.0,1.43,6
2023-09-11,Sodermanland County,301542,56,9,0,28.12,0.0,0.62,1
2023-09-11,Skane County,1428626,344,50,0,468.11,0.0,3.22,8
2023-09-11,Ostergotland County,472446,453,13,0,407.44,0.0,0.84,2
2023-09-11,Orebro County,308375,341,1,0,606.57,0.0,0.07,2
2023-09-11,Norrbotten County,248620,37,23,0,34.01,0.0,1.58,3
2023-09-11,Kronoberg County,203351,74,2,0,47.31,0.0,0.14,1
2023-09-11,Kalmar County,246352,46,19,0,113.09,0.0,1.31,1
2023-09-11,Jonkoping County,370009,472,380,11,535.25,0.29,26.07,3
2023-09-11,Jamtland County,132839,6,2,0,0.21,0.0,0.14,1
2023-09-11,Halland County,345074,1085,99301,158101,3669.77,6339.19,4215.93,5
2023-09-11,Dalarna County,286546,36,22,0,23.1,0.0,1.52,1
2023-09-11,Blekinge County,157223,35,7,0,52.56,0.0,0.26,1
2023-09-18,Vastra Gotaland County,1772821,18114,186072,197433,44924.2,15080.32,11009.86,19
2023-09-18,Vasterbotten County,281138,53,0,0,165.69,0.0,0.0,1
2023-09-18,Uppsala County,407912,75,0,0,126.01,0.0,0.0,3
2023-09-18,Stockholm County,2473307,854,0,0,891.64,0.0,0.0,5
2023-09-18,Sodermanland County,301542,60,0,0,37.37,0.0,0.0,2
2023-09-18,Skane County,1428626,332,0,0,367.8,0.0,0.0,2
2023-09-18,Orebro County,308375,227,0,0,189.47,0.0,0.0,1
2023-09-18,Norrbotten County,248620,28,0,0,9.81,0.0,0.0,2
2023-09-18,Kronoberg County,203351,54,0,0,62.14,0.0,0.0,1
2023-09-18,Kalmar County,246352,63,0,0,117.4,0.0,0.0,1
2023-09-18,Jonkoping County,370009,376,354,6,302.01,0.36,24.34,1
2023-09-18,Halland County,345074,882,107912,128553,1190.64,6262.56,4638.7,5
2023-09-18,Gavleborg County,284558,61,0,0,38.71,0.0,0.0,4
2023-09-18,Dalarna County,286546,58,0,0,33.99,0.0,0.0,2
2023-09-18,Blekinge County,157223,24,0,0,79.27,0.0,0.0,1
2023-09-25,Vastra Gotaland County,1772821,755224,672057,665427,71069.09,27961.51,36496.1,22
2023-09-25,Vasternorrland County,241458,38,0,0,37.58,0.0,0.0,1
2023-09-25,Vasterbotten County,281138,57,0,0,114.88,0.0,0.0,2
2023-09-25,Varmland County,283384,228,0,0,376.55,0.0,0.0,3
2023-09-25,Uppsala County,407912,85,0,0,22.21,0.0,0.0,4
2023-09-25,Stockholm County,2473307,1209,0,0,1069.52,0.0,0.0,9
2023-09-25,Sodermanland County,301542,58,0,0,132.87,0.0,0.0,1
2023-09-25,Skane County,1428626,450,0,0,583.53,0.0,0.0,6
2023-09-25,Ostergotland County,472446,326,0,0,587.04,0.0,0.0,1
2023-09-25,Kronoberg County,203351,81,0,0,105.67,0.0,0.0,2
2023-09-25,Kalmar County,246352,72,0,0,94.95,0.0,0.0,1
2023-09-25,Jonkoping County,370009,319,250,5,400.14,0.33,17.06,2
2023-09-25,Halland County,345074,26926,121459,145694,2331.53,6950.75,5366.82,3
2023-09-25,Gavleborg County,284558,66,0,0,51.34,0.0,0.0,1
2023-09-25,Dalarna County,286546,52,0,0,142.29,0.0,0.0,3
2023-09-25,Blekinge County,157223,33,0,0,126.65,0.0,0.0,2
2023-10-02,Vastra Gotaland County,1772821,610181,350817,735820,53353.15,32160.11,29515.22,21
2023-10-02,Vasternorrland County,241458,20,0,0,0.99,0.0,0.0,1
2023-10-02,Varmland County,283384,243,0,0,752.54,0.0,0.0,2
2023-10-02,Uppsala County,407912,27,0,0,30.15,0.0,0.0,7
2023-10-02,Stockholm County,2473307,453,0,0,397.98,0.0,0.0,7
2023-10-02,Sodermanland County,301542,32,0,0,16.37,0.0,0.0,3
2023-10-02,Skane County,1428626,180,2,0,194.64,0.0,0.14,8
2023-10-02,Ostergotland County,472446,351,0,0,873.61,0.0,0.0,2
2023-10-02,Orebro County,308375,237,0,0,356.85,0.0,0.0,1
2023-10-02,Kronoberg County,203351,21,0,0,12.68,0.0,0.0,3
2023-10-02,Kalmar County,246352,39,0,0,29.88,0.0,0.0,2
2023-10-02,Jonkoping County,370009,383,430,6,616.04,0.34,29.5,3
2023-10-02,Jamtland County,132839,5,0,0,5.27,0.0,0.0,2
2023-10-02,Halland County,345074,22834,141077,117190,1835.35,7017.35,6463.77,5
2023-10-02,Gavleborg County,284558,30,0,0,37.17,0.0,0.0,1
2023-10-02,Dalarna County,286546,23,0,0,25.94,0.0,0.0,2
2023-10-02,Blekinge County,157223,14,0,0,8.89,0.0,0.0,1
2023-10-09,Vastra Gotaland County,1772821,1009079,286126,609661,87519.4,24653.78,19008.92,22
2023-10-09,Vasternorrland County,241458,36,0,0,15.37,0.0,0.0,2
2023-10-09,Vasterbotten County,281138,27,0,0,62.89,0.0,0.0,1
2023-10-09,Varmland County,283384,340,0,0,605.03,0.0,0.0,1
2023-10-09,Uppsala County,407912,67,0,0,41.14,0.0,0.0,2
2023-10-09,Stockholm County,2473307,1006,0,0,1346.77,0.0,0.0,5
2023-10-09,Skane County,1428626,432,0,0,274.18,0.0,0.0,7
2023-10-09,Ostergotland County,472446,416,0,0,709.02,0.0,0.0,1
2023-10-09,Norrbotten County,248620,23,0,0,47.24,0.0,0.0,2
2023-10-09,Kronoberg County,203351,70,0,0,72.98,0.0,0.0,1
2023-10-09,Kalmar County,246352,72,0,0,72.22,0.0,0.0,2
2023-10-09,Jonkoping County,370009,432,360,10,309.33,0.41,24.63,5
2023-10-09,Jamtland County,132839,17,0,0,23.49,0.0,0.0,1
2023-10-09,Halland County,345074,41266,81157,156854,3855.36,8581.22,3770.79,5
2023-10-09,Gotland County,60971,5,0,0,0.0,0.0,0.0,1
2023-10-09,Dalarna County,286546,75,0,0,97.22,0.0,0.0,1
2023-10-09,Blekinge County,157223,27,0,0,44.66,0.0,0.0,3
2023-10-16,Vastra Gotaland County,1772821,334362,227740,134047,54867.62,11180.5,10339.36,19
2023-10-16,Vastmanland County,281158,27,0,0,19.68,0.0,0.0,1
2023-10-16,Varmland County,283384,240,0,0,333.13,0.0,0.0,2
2023-10-16,Uppsala County,407912,47,0,0,22.43,0.0,0.0,3
2023-10-16,Stockholm County,2473307,917,0,0,703.35,0.0,0.0,7
2023-10-16,Sodermanland County,301542,46,0,0,9.24,0.0,0.0,3
2023-10-16,Skane County,1428626,309,0,0,353.97,0.0,0.0,6
2023-10-16,Ostergotland County,472446,356,0,0,682.88,0.0,0.0,1
2023-10-16,Orebro County,308375,177,0,0,402.8,0.0,0.0,1
2023-10-16,Kronoberg County,203351,61,0,0,29.73,0.0,0.0,2
2023-10-16,Kalmar County,246352,37,0,0,46.78,0.0,0.0,1
2023-10-16,Jonkoping County,370009,289,472,4,245.69,0.14,32.33,3
2023-10-16,Halland County,345074,17908,64086,143868,2671.0,9208.85,2996.63,3
2023-10-16,Gavleborg County,284558,48,0,0,65.29,0.0,0.0,1
2023-10-16,Dalarna County,286546,48,0,0,34.5,0.0,0.0,2
2023-10-16,Blekinge County,157223,20,0,0,3.88,0.0,0.0,2
2023-10-23,Vastra Gotaland County,1772821,81267,183667,122526,45828.64,11116.68,8554.88,22
2023-10-23,Vasternorrland County,241458,25,0,0,33.94,0.0,0.0,1
2023-10-23,Uppsala County,407912,53,0,0,60.87,0.0,0.0,2
2023-10-23,Stockholm County,2473307,1278,0,0,1306.7,0.0,0.0,5
2023-10-23,Sodermanland County,301542,51,0,0,50.32,0.0,0.0,3
2023-10-23,Skane County,1428626,372,0,0,357.35,0.0,0.0,6
2023-10-23,Ostergotland County,472446,382,0,0,519.39,0.0,0.0,2
2023-10-23,Orebro County,308375,266,0,0,385.46,0.0,0.0,2
2023-10-23,Kronoberg County,203351,41,0,0,9.75,0.0,0.0,2
2023-10-23,Kalmar County,246352,34,0,0,27.73,0.0,0.0,1
2023-10-23,Jonkoping County,370009,280,390,6,372.41,0.5,26.64,1
2023-10-23,Jamtland County,132839,17,0,0,1.9,0.0,0.0,1
2023-10-23,Halland County,345074,8601,54164,141442,2218.8,9121.47,2549.1,3
2023-10-23,Gavleborg County,284558,57,0,0,157.79,0.0,0.0,1
2023-10-23,Dalarna County,286546,66,0,0,13.88,0.0,0.0,1
2023-10-30,Vastra Gotaland County,1772821,126513,212191,109355,52208.86,11219.94,8479.63,21
2023-10-30,Vasternorrland County,241458,2348,0,0,576.85,0.0,0.0,1
2023-10-30,Varmland County,283384,3232,0,0,368.48,0.0,0.0,2
2023-10-30,Uppsala County,407912,3511,0,0,69.76,0.0,0.0,1
2023-10-30,Stockholm County,2473307,51975,1,0,1783.73,0.0,0.02,6
2023-10-30,Sodermanland County,301542,3473,0,0,80.99,0.0,0.0,2
2023-10-30,Skane County,1428626,23126,0,0,789.72,0.0,0.0,7
2023-10-30,Ostergotland County,472446,5254,0,0,955.87,0.0,0.0,2
2023-10-30,Orebro County,308375,3587,0,0,564.22,0.0,0.0,1
2023-10-30,Norrbotten County,248620,2527,0,0,35.68,0.0,0.0,2
2023-10-30,Kronoberg County,203351,2246,0,0,26.58,0.0,0.0,1
2023-10-30,Kalmar County,246352,2390,0,0,59.43,0.0,0.0,1
2023-10-30,Jonkoping County,370009,4446,62,3,392.56,0.1,4.23,1
2023-10-30,Jamtland County,132839,1109,0,0,20.15,0.0,0.0,1
2023-10-30,Halland County,345074,11989,77548,139275,2240.54,9230.32,3135.6,2
2023-10-30,Gavleborg County,284558,3618,0,0,71.09,0.0,0.0,2
2023-10-30,Dalarna County,286546,3686,0,0,77.43,0.0,0.0,1
2023-10-30,Blekinge County,157223,1551,0,0,19.25,0.0,0.0,1
2023-11-06,Vastra Gotaland County,1772821,102447,243855,116277,52872.05,14017.66,8753.76,21
2023-11-06,Vasternorrland County,241458,671,0,0,30.29,0.0,0.0,3
2023-11-06,Vasterbotten County,281138,1271,0,0,107.7,0.0,0.0,2
2023-11-06,Varmland County,283384,1399,0,0,557.92,0.0,0.0,1
2023-11-06,Uppsala County,407912,1323,0,0,90.79,0.0,0.0,2
2023-11-06,Stockholm County,2473307,13688,0,0,1328.95,0.0,0.0,5
2023-11-06,Sodermanland County,301542,1305,0,0,208.99,0.0,0.0,2
2023-11-06,Skane County,1428626,7695,0,0,1003.94,0.0,0.0,5
2023-11-06,Ostergotland County,472446,2057,0,0,1020.14,0.0,0.0,2
2023-11-06,Orebro County,308375,1089,0,0,310.43,0.0,0.0,1
2023-11-06,Norrbotten County,248620,1075,0,0,15.0,0.0,0.0,1
2023-11-06,Jonkoping County,370009,1420,0,1,232.55,0.22,0.0,1
2023-11-06,Jamtland County,132839,433,0,0,11.13,0.0,0.0,1
2023-11-06,Halland County,345074,9460,126207,106717,2738.9,9153.72,4878.68,4
2023-11-06,Gavleborg County,284558,1263,0,0,85.17,0.0,0.0,1
2023-11-06,Dalarna County,286546,1712,0,0,26.45,0.0,0.0,2
2023-11-13,Vastra Gotaland County,1772821,90044,270414,84793,54740.44,11239.39,9497.88,25
2023-11-13,Vastmanland County,281158,176,0,0,47.19,0.0,0.0,2
2023-11-13,Vasternorrland County,241458,125,0,0,38.5,0.0,0.0,1
2023-11-13,Vasterbotten County,281138,177,0,0,48.54,0.0,0.0,1
2023-11-13,Varmland County,283384,340,0,0,614.35,0.0,0.0,1
2023-11-13,Uppsala County,407912,228,0,0,111.35,0.0,0.0,2
2023-11-13,Stockholm County,2473307,2677,0,0,1230.38,0.0,0.0,8
2023-11-13,Skane County,1428626,1161,4,0,631.69,0.0,0.15,7
2023-11-13,Ostergotland County,472446,639,0,0,757.65,0.0,0.0,1
2023-11-13,Orebro County,308375,325,0,0,390.53,0.0,0.0,1
2023-11-13,Kronoberg County,203351,169,0,0,68.34,0.0,0.0,1
2023-11-13,Kalmar County,246352,158,0,0,53.28,0.0,0.0,1
2023-11-13,Jonkoping County,370009,467,0,3,158.62,0.16,0.0,2
2023-11-13,Jamtland County,132839,73,0,0,80.22,0.0,0.0,1
2023-11-13,Halland County,345074,8788,125132,94102,1647.27,9152.86,4570.8,5
2023-11-13,Dalarna County,286546,180,0,0,59.24,0.0,0.0,2
2023-11-13,Blekinge County,157223,107,0,0,91.96,0.0,0.0,1
2023-11-20,Vastra Gotaland County,1772821,89742,195287,63512,52811.44,10732.73,7311.67,23
2023-11-20,Vastmanland County,281158,140,0,0,101.88,0.0,0.0,1
2023-11-20,Vasternorrland County,241458,133,0,0,86.98,0.0,0.0,1
2023-11-20,Varmland County,283384,390,0,0,317.12,0.0,0.0,1
2023-11-20,Uppsala County,407912,202,0,0,137.17,0.0,0.0,2
2023-11-20,Stockholm County,2473307,2377,0,0,1775.5,0.0,0.0,7
2023-11-20,Sodermanland County,301542,144,2,0,75.62,0.0,0.06,2
2023-11-20,Skane County,1428626,1090,0,0,745.86,0.0,0.0,5
2023-11-20,Ostergotland County,472446,539,0,0,1282.04,0.0,0.0,1
2023-11-20,Orebro County,308375,368,0,0,777.11,0.0,0.0,1
2023-11-20,Kronoberg County,203351,187,0,0,241.65,0.0,0.0,1
2023-11-20,Jonkoping County,370009,445,83,4,544.16,0.44,5.7,1
2023-11-20,Jamtland County,132839,77,0,0,26.24,0.0,0.0,2
2023-11-20,Halland County,345074,9106,100472,72915,2367.82,9133.02,3722.7,3
2023-11-20,Gavleborg County,284558,220,0,0,80.32,0.0,0.0,1
2023-11-20,Dalarna County,286546,173,0,0,152.85,0.0,0.0,1
2023-11-20,Blekinge County,157223,83,0,0,12.48,0.0,0.0,1
2023-11-27,Vastra Gotaland County,1772821,61815,297048,112168,45923.11,11608.5,12348.85,21
2023-11-27,Vastmanland County,281158,171,0,0,254.27,0.0,0.0,1
2023-11-27,Vasternorrland County,241458,135,0,0,65.19,0.0,0.0,2
2023-11-27,Vasterbotten County,281138,153,0,0,116.75,0.0,0.0,1
2023-11-27,Uppsala County,407912,203,0,0,233.89,0.0,0.0,4
2023-11-27,Stockholm County,2473307,2599,0,0,2138.11,0.0,0.0,5
2023-11-27,Sodermanland County,301542,195,0,0,250.54,0.0,0.0,1
2023-11-27,Skane County,1428626,1192,0,0,859.0,0.0,0.0,3
2023-11-27,Ostergotland County,472446,640,0,0,1142.08,0.0,0.0,3
2023-11-27,Norrbotten County,248620,79,0,0,62.17,0.0,0.0,1
2023-11-27,Kronoberg County,203351,170,0,0,98.24,0.0,0.0,2
2023-11-27,Kalmar County,246352,213,0,0,135.14,0.0,0.0,2
2023-11-27,Jonkoping County,370009,474,213,0,379.75,0.0,14.67,1
2023-11-27,Jamtland County,132839,85,0,0,49.57,0.0,0.0,2
2023-11-27,Halland County,345074,5834,99854,85916,2515.36,9119.96,3708.67,4
2023-11-27,Gavleborg County,284558,222,0,0,186.19,0.0,0.0,2
2023-11-27,Dalarna County,286546,166,0,0,46.23,0.0,0.0,1
2023-12-04,Vastra Gotaland County,1772821,24803,273833,75455,42211.0,10129.91,10300.79,21
2023-12-04,Vastmanland County,281158,214,0,0,57.91,0.0,0.0,1
2023-12-04,Vasternorrland County,241458,176,0,0,67.2,0.0,0.0,1
2023-12-04,Varmland County,283384,456,0,0,638.34,0.0,0.0,1
2023-12-04,Uppsala County,407912,268,0,0,162.31,0.0,0.0,1
2023-12-04,Stockholm County,2473307,3203,0,0,2033.08,0.0,0.0,6
2023-12-04,Sodermanland County,301542,223,0,0,113.06,0.0,0.0,2
2023-12-04,Skane County,1428626,1426,0,0,1170.77,0.0,0.0,6
2023-12-04,Ostergotland County,472446,670,0,0,1940.38,0.0,0.0,1
2023-12-04,Orebro County,308375,472,0,0,340.09,0.0,0.0,1
2023-12-04,Kronoberg County,203351,212,0,0,113.31,0.0,0.0,2
2023-12-04,Kalmar County,246352,286,0,0,64.1,0.0,0.0,2
2023-12-04,Jonkoping County,370009,585,202,0,513.54,0.0,13.83,5
2023-12-04,Halland County,345074,1280,119832,93102,1561.21,9111.42,4228.7,3
2023-12-04,Dalarna County,286546,248,0,0,143.05,0.0,0.0,1
2023-12-11,Vastra Gotaland County,1772821,27473,265705,75290,42554.37,10123.19,9978.5,23
2023-12-11,Varmland County,283384,978,0,0,348.59,0.0,0.0,2
2023-12-11,Uppsala County,407912,905,0,0,216.65,0.0,0.0,2
2023-12-11,Stockholm County,2473307,8775,0,0,2578.67,0.0,0.0,3
2023-12-11,Skane County,1428626,4391,0,0,1031.39,0.0,0.0,6
2023-12-11,Ostergotland County,472446,1625,0,0,783.16,0.0,0.0,2
2023-12-11,Orebro County,308375,935,0,0,911.44,0.0,0.0,1
2023-12-11,Norrbotten County,248620,606,0,0,107.76,0.0,0.0,1
2023-12-11,Kronoberg County,203351,520,0,0,180.02,0.0,0.0,2
2023-12-11,Kalmar County,246352,633,0,0,152.07,0.0,0.0,1
2023-12-11,Jonkoping County,370009,1219,169,0,491.93,0.0,11.56,1
2023-12-11,Halland County,345074,1530,129407,91059,1337.15,9136.38,4510.57,6
2023-12-11,Dalarna County,286546,759,0,0,124.83,0.0,0.0,2
2023-12-18,Vastra Gotaland County,1772821,15750,262914,98768,31591.47,10720.44,9462.11,16
2023-12-18,Uppsala County,407912,428,0,0,94.49,0.0,0.0,2
2023-12-18,Stockholm County,2473307,4554,0,0,1481.42,0.0,0.0,2
2023-12-18,Skane County,1428626,2348,1,0,712.32,0.0,0.04,2
2023-12-18,Ostergotland County,472446,990,0,0,413.39,0.0,0.0,3
2023-12-18,Orebro County,308375,577,0,0,572.08,0.0,0.0,1
2023-12-18,Kronoberg County,203351,265,0,0,71.81,0.0,0.0,1
2023-12-18,Kalmar County,246352,342,0,0,47.06,0.0,0.0,2
2023-12-18,Jonkoping County,370009,720,167,0,890.4,0.0,11.26,2
2023-12-18,Jamtland County,132839,155,0,0,12.59,0.0,0.0,1
2023-12-18,Halland County,345074,973,116877,120293,1003.94,10476.38,4029.13,5
2023-12-18,Gotland County,60971,68,0,0,17.5,0.0,0.0,1
2023-12-18,Gavleborg County,284558,393,0,0,160.29,0.0,0.0,2
2023-12-18,Dalarna County,286546,406,0,0,148.64,0.0,0.0,1
2023-12-25,Vastra Gotaland County,1772821,12852,239700,135851,32357.48,11190.85,8224.05,17
2023-12-25,Uppsala County,407912,75,0,0,39.61,0.0,0.0,2
2023-12-25,Stockholm County,2473307,918,0,0,1335.76,0.0,0.0,3
2023-12-25,Skane County,1428626,480,0,0,710.88,0.0,0.0,3
2023-12-25,Ostergotland County,472446,491,0,0,1309.43,0.0,0.0,1
2023-12-25,Orebro County,308375,332,0,0,415.47,0.0,0.0,1
2023-12-25,Jonkoping County,370009,432,99,0,322.15,0.0,6.7,1
2023-12-25,Jamtland County,132839,38,0,0,64.12,0.0,0.0,1
2023-12-25,Halland County,345074,890,101589,168618,1418.96,11205.58,3310.39,3
2024-01-01,Vastra Gotaland County,1772821,18748,267283,562995,45638.36,27641.29,7924.09,18
2024-01-01,Stockholm County,2473307,1584,0,148,2689.99,14.09,0.0,3
2024-01-01,Sodermanland County,301542,117,0,43,80.08,3.11,0.0,1
2024-01-01,Skane County,1428626,727,0,148,1080.53,12.16,0.0,1
2024-01-01,Ostergotland County,472446,524,0,29,516.11,2.31,0.0,1
2024-01-01,Orebro County,308375,334,0,25,787.28,2.73,0.0,1
2024-01-01,Norrbotten County,248620,81,0,20,179.79,2.21,0.0,1
2024-01-01,Kronoberg County,203351,105,0,12,332.21,0.85,0.0,2
2024-01-01,Kalmar County,246352,83,0,24,44.36,1.64,0.0,2
2024-01-01,Jamtland County,132839,52,0,11,132.96,1.08,0.0,3
2024-01-01,Halland County,345074,754,36028,227190,1727.55,11727.61,902.58,1
2024-01-01,Gotland County,60971,15,0,6,33.26,0.67,0.0,1
2024-01-01,Dalarna County,286546,160,0,27,156.19,1.85,0.0,2
2024-01-01,Blekinge County,157223,48,0,11,54.42,0.87,0.0,1
2024-01-08,Vastra Gotaland County,1772821,16753,212621,462570,40111.34,16099.67,6677.77,24
2024-01-08,Vasterbotten County,281138,65,0,0,96.44,0.0,0.0,1
2024-01-08,Uppsala County,407912,101,0,0,65.64,0.0,0.0,1
2024-01-08,Stockholm County,2473307,1634,0,0,1709.36,0.0,0.0,6
2024-01-08,Sodermanland County,301542,90,0,0,110.08,0.0,0.0,1
2024-01-08,Skane County,1428626,666,0,0,819.55,0.0,0.0,6
2024-01-08,Ostergotland County,472446,449,0,0,1073.87,0.0,0.0,1
2024-01-08,Kronoberg County,203351,86,0,0,103.23,0.0,0.0,1
2024-01-08,Kalmar County,246352,93,0,0,37.99,0.0,0.0,3
2024-01-08,Jonkoping County,370009,397,0,0,485.94,0.0,0.0,2
2024-01-08,Halland County,345074,659,0,50482,1112.1,2210.93,0.0,5
2024-01-08,Gotland County,60971,30,0,0,6.5,0.0,0.0,1
2024-01-08,Gavleborg County,284558,63,0,0,99.2,0.0,0.0,1
2024-01-15,Vastra Gotaland County,1772821,14009,369535,452497,37737.48,16507.65,16878.54,21
2024-01-15,Vastmanland County,281158,49,0,0,62.25,0.0,0.0,1
2024-01-15,Varmland County,283384,221,0,0,162.47,0.0,0.0,3
2024-01-15,Uppsala County,407912,99,0,0,129.35,0.0,0.0,1
2024-01-15,Stockholm County,2473307,1417,0,0,1720.56,0.0,0.0,6
2024-01-15,Skane County,1428626,745,0,0,1222.77,0.0,0.0,3
2024-01-15,Ostergotland County,472446,369,0,0,998.99,0.0,0.0,1
2024-01-15,Orebro County,308375,271,0,0,415.51,0.0,0.0,2
2024-01-15,Kronoberg County,203351,68,0,0,164.24,0.0,0.0,3
2024-01-15,Kalmar County,246352,82,2,0,29.31,0.0,0.09,1
2024-01-15,Jonkoping County,370009,372,0,0,697.75,0.0,0.0,1
2024-01-15,Halland County,345074,568,46474,40835,752.48,1771.27,2313.15,6
2024-01-15,Dalarna County,286546,80,0,0,126.88,0.0,0.0,3
2024-01-15,Blekinge County,157223,49,0,0,29.12,0.0,0.0,1
2024-01-22,Vastra Gotaland County,1772821,14552,389591,391200,38249.67,14969.58,13524.41,23
2024-01-22,Vastmanland County,281158,53,0,0,67.62,0.0,0.0,1
2024-01-22,Vasternorrland County,241458,44,2,0,51.28,0.0,0.08,1
2024-01-22,Vasterbotten County,281138,75,0,0,196.85,0.0,0.0,2
2024-01-22,Varmland County,283384,274,0,0,432.79,0.0,0.0,2
2024-01-22,Uppsala County,407912,81,0,0,72.27,0.0,0.0,3
2024-01-22,Stockholm County,2473307,1407,0,1,2162.1,0.01,0.0,5
2024-01-22,Sodermanland County,301542,72,0,0,185.21,0.0,0.0,1
2024-01-22,Skane County,1428626,550,0,0,987.21,0.0,0.0,8
2024-01-22,Ostergotland County,472446,476,0,0,1309.61,0.0,0.0,1
2024-01-22,Orebro County,308375,276,0,0,367.77,0.0,0.0,2
2024-01-22,Norrbotten County,248620,53,0,0,221.52,0.0,0.0,1
2024-01-22,Kronoberg County,203351,78,0,0,164.71,0.0,0.0,2
2024-01-22,Kalmar County,246352,80,0,0,82.16,0.0,0.0,2
2024-01-22,Jonkoping County,370009,408,0,0,616.04,0.0,0.0,3
2024-01-22,Jamtland County,132839,28,0,0,4.77,0.0,0.0,1
2024-01-22,Halland County,345074,623,42879,37509,1885.67,1739.34,2355.91,3
2024-01-22,Dalarna County,286546,76,0,0,37.24,0.0,0.0,3
2024-01-22,Blekinge County,157223,56,0,0,22.32,0.0,0.0,2
2024-01-29,Vastra Gotaland County,1772821,14554,136762,409104,39975.23,14833.75,4057.97,20
2024-01-29,Vastmanland County,281158,46,0,0,79.37,0.0,0.0,1
2024-01-29,Vasternorrland County,241458,44,0,0,17.34,0.0,0.0,1
2024-01-29,Varmland County,283384,287,0,0,458.63,0.0,0.0,1
2024-01-29,Stockholm County,2473307,1485,0,0,2278.16,0.0,0.0,3
2024-01-29,Skane County,1428626,603,1,0,1011.45,0.0,0.03,4
2024-01-29,Ostergotland County,472446,473,0,0,713.11,0.0,0.0,3
2024-01-29,Orebro County,308375,275,0,0,1099.85,0.0,0.0,1
2024-01-29,Norrbotten County,248620,54,0,0,57.89,0.0,0.0,1
2024-01-29,Kronoberg County,203351,82,0,0,52.69,0.0,0.0,2
2024-01-29,Jonkoping County,370009,382,0,0,680.19,0.0,0.0,3
2024-01-29,Jamtland County,132839,34,0,0,20.49,0.0,0.0,2
2024-01-29,Halland County,345074,561,9713,39908,675.29,1789.44,608.48,6
2024-01-29,Gotland County,60971,6,0,0,0.14,0.0,0.0,1
2024-01-29,Gavleborg County,284558,82,0,0,73.97,0.0,0.0,1
2024-01-29,Dalarna County,286546,79,0,0,65.7,0.0,0.0,2
2024-01-29,Blekinge County,157223,46,0,0,6.56,0.0,0.0,1
2024-02-05,Vastra Gotaland County,1772821,15577,93806,359320,42504.72,15407.05,2537.72,23
2024-02-05,Vasternorrland County,241458,53,2,0,87.43,0.0,0.06,3
2024-02-05,Vasterbotten County,281138,83,0,0,261.69,0.0,0.0,1
2024-02-05,Varmland County,283384,345,0,0,1081.56,0.0,0.0,1
2024-02-05,Uppsala County,407912,118,0,0,112.25,0.0,0.0,2
2024-02-05,Stockholm County,2473307,1608,3,0,2190.93,0.0,0.06,5
2024-02-05,Sodermanland County,301542,61,0,0,47.39,0.0,0.0,3
2024-02-05,Skane County,1428626,573,2,0,995.03,0.0,0.07,6
2024-02-05,Ostergotland County,472446,469,0,0,1349.93,0.0,0.0,1
2024-02-05,Orebro County,308375,368,0,0,575.26,0.0,0.0,2
2024-02-05,Norrbotten County,248620,64,0,0,141.67,0.0,0.0,1
2024-02-05,Kronoberg County,203351,95,0,0,84.66,0.0,0.0,2
2024-02-05,Kalmar County,246352,75,0,0,54.71,0.0,0.0,2
2024-02-05,Jonkoping County,370009,410,0,0,690.97,0.0,0.0,1
2024-02-05,Halland County,345074,722,1303,40501,749.68,1816.38,145.48,4
2024-02-05,Gotland County,60971,7,0,0,30.97,0.0,0.0,1
2024-02-05,Gavleborg County,284558,100,0,0,115.01,0.0,0.0,1
2024-02-12,Vastra Gotaland County,1772821,12837,100588,408307,37666.1,15434.61,2499.86,20
2024-02-12,Vasterbotten County,281138,72,0,0,121.74,0.0,0.0,1
2024-02-12,Varmland County,283384,293,0,0,1065.57,0.0,0.0,2
2024-02-12,Uppsala County,407912,67,0,0,163.92,0.0,0.0,3
2024-02-12,Stockholm County,2473307,1244,0,0,2300.44,0.0,0.0,5
2024-02-12,Skane County,1428626,456,2,0,823.66,0.0,0.04,7
2024-02-12,Orebro County,308375,301,0,0,241.32,0.0,0.0,1
2024-02-12,Kalmar County,246352,51,0,0,14.16,0.0,0.0,3
2024-02-12,Jonkoping County,370009,390,0,0,533.3,0.0,0.0,3
2024-02-12,Halland County,345074,630,3612,43986,1557.17,1832.58,372.56,3
2024-02-12,Gavleborg County,284558,59,2,0,151.77,0.0,0.05,2
2024-02-12,Dalarna County,286546,78,0,0,280.99,0.0,0.0,1
2024-02-19,Vastra Gotaland County,1772821,13275,84215,334049,40956.17,15163.03,2191.51,21
2024-02-19,Vastmanland County,281158,50,0,0,52.56,0.0,0.0,1
2024-02-19,Vasterbotten County,281138,33,0,0,56.54,0.0,0.0,1
2024-02-19,Varmland County,283384,354,0,0,1224.84,0.0,0.0,1
2024-02-19,Uppsala County,407912,98,0,0,146.41,0.0,0.0,1
2024-02-19,Stockholm County,2473307,1271,3,0,2363.44,0.0,0.08,6
2024-02-19,Skane County,1428626,497,0,0,1281.12,0.0,0.0,3
2024-02-19,Ostergotland County,472446,460,0,0,919.56,0.0,0.0,2
2024-02-19,Orebro County,308375,302,0,0,603.44,0.0,0.0,1
2024-02-19,Norrbotten County,248620,43,0,0,12.4,0.0,0.0,2
2024-02-19,Kronoberg County,203351,52,0,0,56.26,0.0,0.0,1
2024-02-19,Jonkoping County,370009,355,0,0,563.09,0.0,0.0,1
2024-02-19,Halland County,345074,671,3993,40805,2291.35,1826.57,332.77,4
2024-02-19,Gavleborg County,284558,89,0,0,448.91,0.0,0.0,1
2024-02-19,Dalarna County,286546,94,0,0,197.62,0.0,0.0,1
2024-02-19,Blekinge County,157223,31,0,0,32.48,0.0,0.0,1
2024-02-26,Vastra Gotaland County,1772821,13457,30917,342493,36987.42,13723.74,916.75,21
2024-02-26,Vastmanland County,281158,60,0,0,74.5,0.0,0.0,1
2024-02-26,Vasternorrland County,241458,43,0,0,183.76,0.0,0.0,1
2024-02-26,Varmland County,283384,272,0,0,504.73,0.0,0.0,3
2024-02-26,Uppsala County,407912,100,0,0,96.05,0.0,0.0,2
2024-02-26,Stockholm County,2473307,1164,0,1,2177.06,0.04,0.0,2
2024-02-26,Sodermanland County,301542,49,0,0,195.4,0.0,0.0,2
2024-02-26,Skane County,1428626,424,0,0,762.91,0.0,0.0,5
2024-02-26,Ostergotland County,472446,465,0,0,964.42,0.0,0.0,1
2024-02-26,Orebro County,308375,301,0,0,877.34,0.0,0.0,1
2024-02-26,Kalmar County,246352,61,0,0,61.33,0.0,0.0,2
2024-02-26,Jonkoping County,370009,335,0,0,901.85,0.0,0.0,1
2024-02-26,Jamtland County,132839,34,0,0,44.19,0.0,0.0,2
2024-02-26,Halland County,345074,603,2087,37441,1360.7,1839.54,146.8,6
2024-02-26,Gavleborg County,284558,66,0,0,463.05,0.0,0.0,1
2024-02-26,Dalarna County,286546,97,0,0,201.57,0.0,0.0,2
2024-02-26,Blekinge County,157223,39,0,0,216.4,0.0,0.0,2
2024-03-04,Vastra Gotaland County,1772821,14830,0,329036,39388.79,15726.84,0.0,20
2024-03-04,Vastmanland County,281158,31,0,0,102.77,0.0,0.0,2
2024-03-04,Vasternorrland County,241458,51,0,0,35.4,0.0,0.0,2
2024-03-04,Varmland County,283384,297,0,0,711.12,0.0,0.0,2
2024-03-04,Uppsala County,407912,68,0,0,96.82,0.0,0.0,2
2024-03-04,Stockholm County,2473307,1120,0,0,2126.55,0.0,0.0,4
2024-03-04,Sodermanland County,301542,31,0,0,161.54,0.0,0.0,2
2024-03-04,Skane County,1428626,397,0,0,620.52,0.0,0.0,5
2024-03-04,Ostergotland County,472446,460,0,0,1305.8,0.0,0.0,2
2024-03-04,Orebro County,308375,286,0,0,313.61,0.0,0.0,1
2024-03-04,Norrbotten County,248620,16,0,0,7.18,0.0,0.0,1
2024-03-04,Kronoberg County,203351,63,0,0,279.03,0.0,0.0,1
2024-03-04,Kalmar County,246352,56,0,0,58.86,0.0,0.0,1
2024-03-04,Jonkoping County,370009,356,0,0,431.76,0.0,0.0,1
2024-03-04,Halland County,345074,703,0,31289,1319.92,1596.64,0.0,6
2024-03-04,Gavleborg County,284558,64,0,0,72.01,0.0,0.0,1
2024-03-04,Dalarna County,286546,85,0,0,97.3,0.0,0.0,2
2024-03-04,Blekinge County,157223,32,0,0,24.41,0.0,0.0,2
2024-03-11,Vastra Gotaland County,1772821,14170,98254,306630,38684.95,15888.34,3287.26,26
2024-03-11,Vastmanland County,281158,17,0,0,237.19,0.0,0.0,1
2024-03-11,Vasternorrland County,241458,40,0,0,32.7,0.0,0.0,1
2024-03-11,Varmland County,283384,254,0,0,109.38,0.0,0.0,2
2024-03-11,Uppsala County,407912,38,0,0,20.5,0.0,0.0,1
2024-03-11,Stockholm County,2473307,914,5,0,1740.8,0.0,0.15,10
2024-03-11,Sodermanland County,301542,47,0,0,137.2,0.0,0.0,3
2024-03-11,Skane County,1428626,296,2,0,442.32,0.0,0.08,7
2024-03-11,Ostergotland County,472446,487,0,0,1092.21,0.0,0.0,2
2024-03-11,Orebro County,308375,310,0,0,280.21,0.0,0.0,1
2024-03-11,Norrbotten County,248620,13,0,0,60.19,0.0,0.0,1
2024-03-11,Kronoberg County,203351,39,0,0,91.95,0.0,0.0,3
2024-03-11,Jonkoping County,370009,433,0,0,787.88,0.0,0.0,2
2024-03-11,Halland County,345074,622,2642,26575,1267.12,1432.05,316.75,4
2024-03-11,Gotland County,60971,7,0,0,3.29,0.0,0.0,1
2024-03-18,Vastra Gotaland County,1772821,12708,102561,343801,43644.11,18288.49,3191.46,20
2024-03-18,Vastmanland County,281158,27,0,0,1.12,0.0,0.0,1
2024-03-18,Vasternorrland County,241458,14,0,0,1.45,0.0,0.0,2
2024-03-18,Varmland County,283384,282,0,0,521.92,0.0,0.0,2
2024-03-18,Uppsala County,407912,35,0,0,30.29,0.0,0.0,4
2024-03-18,Stockholm County,2473307,630,0,0,462.25,0.0,0.0,5
2024-03-18,Sodermanland County,301542,43,0,0,11.1,0.0,0.0,1
2024-03-18,Skane County,1428626,230,0,0,187.96,0.0,0.0,6
2024-03-18,Ostergotland County,472446,428,0,0,917.53,0.0,0.0,1
2024-03-18,Norrbotten County,248620,9,0,0,1.02,0.0,0.0,1
2024-03-18,Kronoberg County,203351,34,0,0,41.23,0.0,0.0,2
2024-03-18,Kalmar County,246352,33,0,0,56.4,0.0,0.0,2
2024-03-18,Jamtland County,132839,9,0,0,0.35,0.0,0.0,2
2024-03-18,Halland County,345074,615,3614,27535,1351.45,1692.22,378.04,5
2024-03-18,Gotland County,60971,4,0,0,1.27,0.0,0.0,1
2024-03-25,Vastra Gotaland County,1772821,12327,90858,313890,38412.49,18813.7,2519.97,19
2024-03-25,Vastmanland County,281158,20,0,0,9.1,0.0,0.0,2
2024-03-25,Vasternorrland County,241458,15,0,0,16.64,0.0,0.0,1
2024-03-25,Vasterbotten County,281138,32,0,0,36.72,0.0,0.0,1
2024-03-25,Varmland County,283384,222,0,0,1188.87,0.0,0.0,1
2024-03-25,Uppsala County,407912,25,0,0,11.53,0.0,0.0,2
2024-03-25,Stockholm County,2473307,804,0,0,376.9,0.0,0.0,6
2024-03-25,Sodermanland County,301542,31,0,0,4.36,0.0,0.0,1
2024-03-25,Skane County,1428626,258,0,0,198.78,0.0,0.0,5
2024-03-25,Ostergotland County,472446,432,0,0,648.16,0.0,0.0,1
2024-03-25,Kronoberg County,203351,38,0,0,11.66,0.0,0.0,2
2024-03-25,Kalmar County,246352,16,0,0,18.95,0.0,0.0,3
2024-03-25,Halland County,345074,617,2779,27353,1250.44,1759.46,305.31,4
2024-03-25,Gavleborg County,284558,23,0,0,16.27,0.0,0.0,2
2024-03-25,Dalarna County,286546,49,0,0,214.57,0.0,0.0,1
2024-03-25,Blekinge County,157223,11,0,0,0.46,0.0,0.0,1
2024-04-01,Vastra Gotaland County,1772821,13586,93778,280002,40354.65,13819.71,2449.98,18
2024-04-01,Vastmanland County,281158,31,0,0,1.02,0.0,0.0,2
2024-04-01,Vasternorrland County,241458,25,0,0,5.14,0.0,0.0,1
2024-04-01,Varmland County,283384,272,0,0,1424.09,0.0,0.0,1
2024-04-01,Uppsala County,407912,29,0,0,103.18,0.0,0.0,1
2024-04-01,Stockholm County,2473307,915,0,0,372.57,0.0,0.0,6
2024-04-01,Sodermanland County,301542,30,0,0,21.75,0.0,0.0,2
2024-04-01,Skane County,1428626,332,3,0,90.75,0.0,0.08,8
2024-04-01,Orebro County,308375,321,0,0,657.23,0.0,0.0,1
2024-04-01,Kronoberg County,203351,28,0,0,5.73,0.0,0.0,3
2024-04-01,Kalmar County,246352,23,0,0,2.06,0.0,0.0,1
2024-04-01,Jonkoping County,370009,405,0,0,339.14,0.0,0.0,2
2024-04-01,Halland County,345074,533,1426,25621,747.35,1327.05,227.37,4
2024-04-01,Dalarna County,286546,60,0,0,16.62,0.0,0.0,2
2024-04-01,Blekinge County,157223,26,0,0,16.92,0.0,0.0,1
2024-04-08,Vastra Gotaland County,1772821,12311,93825,257748,42351.78,13456.17,6269.73,21
2024-04-08,Vastmanland County,281158,27,0,0,9.84,0.0,0.0,1
2024-04-08,Vasternorrland County,241458,31,0,0,3.81,0.0,0.0,2
2024-04-08,Varmland County,283384,331,0,0,826.2,0.0,0.0,2
2024-04-08,Uppsala County,407912,38,0,0,53.62,0.0,0.0,3
2024-04-08,Stockholm County,2473307,807,0,0,571.73,0.0,0.0,8
2024-04-08,Skane County,1428626,255,1,0,171.76,0.0,0.17,5
2024-04-08,Ostergotland County,472446,480,0,0,1034.73,0.0,0.0,1
2024-04-08,Orebro County,308375,327,0,0,1111.78,0.0,0.0,2
2024-04-08,Norrbotten County,248620,15,0,0,3.89,0.0,0.0,1
2024-04-08,Kronoberg County,203351,30,0,0,4.64,0.0,0.0,2
2024-04-08,Kalmar County,246352,30,0,0,27.65,0.0,0.0,3
2024-04-08,Jonkoping County,370009,374,0,1,632.46,0.02,0.0,1
2024-04-08,Halland County,345074,544,531,22061,1276.85,1156.86,109.19,4
2024-04-08,Gavleborg County,284558,29,0,0,17.64,0.0,0.0,1
2024-04-08,Dalarna County,286546,47,0,0,12.51,0.0,0.0,2
2024-04-08,Blekinge County,157223,13,0,0,0.63,0.0,0.0,1
2024-04-15,Vastra Gotaland County,1772821,11055,223844,274585,38751.86,14234.03,23367.9,23
2024-04-15,Vastmanland County,281158,19,0,0,1.81,0.0,0.0,1
2024-04-15,Uppsala County,407912,29,0,0,2.03,0.0,0.0,2
2024-04-15,Stockholm County,2473307,629,0,0,312.93,0.0,0.0,10
2024-04-15,Sodermanland County,301542,18,0,0,8.51,0.0,0.0,1
2024-04-15,Skane County,1428626,209,0,0,137.55,0.0,0.0,5
2024-04-15,Ostergotland County,472446,459,0,0,1789.05,0.0,0.0,2
2024-04-15,Orebro County,308375,315,0,0,749.21,0.0,0.0,2
2024-04-15,Kronoberg County,203351,29,0,0,3.62,0.0,0.0,2
2024-04-15,Jonkoping County,370009,442,0,1,1594.22,0.01,0.0,2
2024-04-15,Halland County,345074,529,21250,17477,2462.38,985.19,2724.4,3
2024-04-15,Gavleborg County,284558,29,0,0,77.36,0.0,0.0,2
2024-04-15,Blekinge County,157223,12,0,0,87.43,0.0,0.0,1
2024-04-22,Vastra Gotaland County,1772821,11270,408174,241649,39796.03,12526.41,32466.62,21
2024-04-22,Vasternorrland County,241458,15,0,0,2.63,0.0,0.0,3
2024-04-22,Varmland County,283384,279,0,0,1229.43,0.0,0.0,5
2024-04-22,Uppsala County,407912,36,0,0,14.32,0.0,0.0,2
2024-04-22,Stockholm County,2473307,682,0,0,356.52,0.0,0.0,8
2024-04-22,Skane County,1428626,237,5,0,55.71,0.0,0.31,5
2024-04-22,Ostergotland County,472446,358,0,0,1216.16,0.0,0.0,2
2024-04-22,Orebro County,308375,251,0,0,612.58,0.0,0.0,2
2024-04-22,Kronoberg County,203351,26,0,0,52.04,0.0,0.0,2
2024-04-22,Kalmar County,246352,27,0,0,70.55,0.0,0.0,1
2024-04-22,Jonkoping County,370009,293,0,2,580.2,0.0,0.0,3
2024-04-22,Jamtland County,132839,6,0,0,0.27,0.0,0.0,1
2024-04-22,Halland County,345074,471,44853,16417,674.07,952.1,3602.31,5
2024-04-22,Dalarna County,286546,24,0,0,2.38,0.0,0.0,2
2024-04-29,Vastra Gotaland County,1772821,11127,576427,262970,36174.84,12062.12,33677.8,16
2024-04-29,Vastmanland County,281158,16,0,0,2.08,0.0,0.0,2
2024-04-29,Vasterbotten County,281138,23,0,0,2.91,0.0,0.0,1
2024-04-29,Varmland County,283384,286,0,0,2332.25,0.0,0.0,1
2024-04-29,Uppsala County,407912,34,0,0,29.63,0.0,0.0,2
2024-04-29,Stockholm County,2473307,596,0,0,562.51,0.0,0.0,5
2024-04-29,Skane County,1428626,242,2,0,56.27,0.0,0.14,4
2024-04-29,Ostergotland County,472446,388,0,0,1555.09,0.0,0.0,1
2024-04-29,Orebro County,308375,246,0,0,554.39,0.0,0.0,1
2024-04-29,Norrbotten County,248620,18,0,0,2.28,0.0,0.0,1
2024-04-29,Kronoberg County,203351,22,0,0,12.9,0.0,0.0,1
2024-04-29,Kalmar County,246352,29,0,0,8.95,0.0,0.0,1
2024-04-29,Jonkoping County,370009,356,0,0,609.17,0.0,0.0,2
2024-04-29,Halland County,345074,528,73926,18286,1468.47,987.53,3980.7,4
2024-04-29,Gavleborg County,284558,33,0,0,12.73,0.0,0.0,1
2024-04-29,Blekinge County,157223,18,0,0,4.63,0.0,0.0,1
2024-05-06,Vastra Gotaland County,1772821,10203,294604,235749,34204.39,11926.71,20233.74,18
2024-05-06,Vastmanland County,281158,18,0,0,13.12,0.0,0.0,1
2024-05-06,Varmland County,283384,262,0,0,1119.8,0.0,0.0,1
2024-05-06,Uppsala County,407912,27,0,0,8.8,0.0,0.0,1
2024-05-06,Stockholm County,2473307,519,0,0,282.49,0.0,0.0,4
2024-05-06,Sodermanland County,301542,12,0,0,0.25,0.0,0.0,1
2024-05-06,Skane County,1428626,236,3,0,173.89,0.0,0.16,8
2024-05-06,Orebro County,308375,248,0,0,47.65,0.0,0.0,1
2024-05-06,Kronoberg County,203351,20,0,0,18.41,0.0,0.0,1
2024-05-06,Jonkoping County,370009,310,0,2,1080.34,0.04,0.0,2
2024-05-06,Jamtland County,132839,11,0,0,0.56,0.0,0.0,1
2024-05-06,Halland County,345074,572,15116,16396,631.5,903.22,1135.03,3
2024-05-06,Gavleborg County,284558,25,0,0,1.48,0.0,0.0,2
2024-05-06,Blekinge County,157223,10,0,0,2.28,0.0,0.0,1
2024-05-13,Vastra Gotaland County,1772821,485053,18402,1051088,58567.58,38877.33,989.95,25
2024-05-13,Vastmanland County,281158,11,0,0,32.48,0.0,0.0,1
2024-05-13,Vasternorrland County,241458,10,0,0,2.48,0.0,0.0,1
2024-05-13,Uppsala County,407912,29,0,0,10.76,0.0,0.0,3
2024-05-13,Stockholm County,2473307,461,0,0,375.21,0.0,0.0,5
2024-05-13,Sodermanland County,301542,16,0,0,87.04,0.0,0.0,2
2024-05-13,Skane County,1428626,203,0,0,116.57,0.0,0.0,4
2024-05-13,Ostergotland County,472446,306,0,0,617.74,0.0,0.0,1
2024-05-13,Orebro County,308375,218,0,0,428.47,0.0,0.0,2
2024-05-13,Kalmar County,246352,28,0,0,63.22,0.0,0.0,1
2024-05-13,Jonkoping County,370009,230,0,0,898.87,0.0,0.0,2
2024-05-13,Halland County,345074,13003,819,53975,1745.99,2212.64,55.79,3
2024-05-13,Gavleborg County,284558,16,0,0,0.71,0.0,0.0,1
2024-05-13,Blekinge County,157223,13,0,0,7.87,0.0,0.0,1
2024-05-20,Vastra Gotaland County,1772821,490388,14445,1205633,54584.44,42027.86,740.0,23
2024-05-20,Vasternorrland County,241458,12,0,0,0.49,0.0,0.0,3
2024-05-20,Vasterbotten County,281138,18,0,0,14.95,0.0,0.0,1
2024-05-20,Uppsala County,407912,10,0,0,2.78,0.0,0.0,2
2024-05-20,Stockholm County,2473307,367,0,0,363.21,0.0,0.0,4
2024-05-20,Sodermanland County,301542,16,0,0,2.73,0.0,0.0,1
2024-05-20,Skane County,1428626,176,0,0,68.09,0.0,0.0,5
2024-05-20,Norrbotten County,248620,8,0,0,9.72,0.0,0.0,2
2024-05-20,Kronoberg County,203351,35,0,0,17.28,0.0,0.0,2
2024-05-20,Kalmar County,246352,14,0,0,4.87,0.0,0.0,3
2024-05-20,Jonkoping County,370009,195,0,0,154.8,0.0,0.0,2
2024-05-20,Jamtland County,132839,6,0,0,0.29,0.0,0.0,2
2024-05-20,Halland County,345074,12471,842,52857,1280.95,2205.63,55.15,4
2024-05-20,Gotland County,60971,3,0,0,14.73,0.0,0.0,1
2024-05-27,Vastra Gotaland County,1772821,550280,11683,1033579,46349.55,38427.69,621.52,22
2024-05-27,Vastmanland County,281158,60,0,0,360.63,0.0,0.0,1
2024-05-27,Vasterbotten County,281138,46,0,0,72.51,0.0,0.0,1
2024-05-27,Varmland County,283384,58,0,0,146.65,0.0,0.0,2
2024-05-27,Uppsala County,407912,122,0,0,266.98,0.0,0.0,3
2024-05-27,Stockholm County,2473307,1404,0,0,4669.29,0.0,0.0,8
2024-05-27,Sodermanland County,301542,62,0,0,159.3,0.0,0.0,1
2024-05-27,Skane County,1428626,457,0,0,2651.03,0.0,0.0,7
2024-05-27,Ostergotland County,472446,110,0,0,230.3,0.0,0.0,1
2024-05-27,Orebro County,308375,71,0,0,398.86,0.0,0.0,2
2024-05-27,Norrbotten County,248620,37,0,0,85.51,0.0,0.0,1
2024-05-27,Kronoberg County,203351,60,0,0,198.17,0.0,0.0,3
2024-05-27,Kalmar County,246352,35,0,0,132.93,0.0,0.0,1
2024-05-27,Jonkoping County,370009,89,0,0,235.98,0.0,0.0,3
2024-05-27,Jamtland County,132839,14,0,0,3.24,0.0,0.0,1
2024-05-27,Halland County,345074,13433,848,51692,1666.8,2121.44,56.39,4
2024-05-27,Gavleborg County,284558,87,0,0,1.48,0.0,0.0,4
2024-05-27,Dalarna County,286546,67,0,0,86.74,0.0,0.0,3
2024-05-27,Blekinge County,157223,40,0,0,61.04,0.0,0.0,1
2024-06-03,Vastra Gotaland County,1772821,8698,13935,219956,23674.18,9442.61,689.98,20
2024-06-03,Vastmanland County,281158,61,0,0,7.91,0.0,0.0,1
2024-06-03,Varmland County,283384,91,0,0,290.03,0.0,0.0,3
2024-06-03,Uppsala County,407912,141,0,0,109.78,0.0,0.0,2
2024-06-03,Stockholm County,2473307,1577,1,0,3984.87,0.0,0.01,3
2024-06-03,Sodermanland County,301542,86,0,0,153.44,0.0,0.0,2
2024-06-03,Skane County,1428626,612,0,0,1266.67,0.0,0.0,3
2024-06-03,Ostergotland County,472446,118,0,0,463.58,0.0,0.0,2
2024-06-03,Norrbotten County,248620,39,0,0,201.77,0.0,0.0,1
2024-06-03,Kronoberg County,203351,61,0,0,55.78,0.0,0.0,1
2024-06-03,Kalmar County,246352,55,0,0,14.74,0.0,0.0,2
2024-06-03,Jonkoping County,370009,85,0,0,481.11,0.0,0.0,3
2024-06-03,Jamtland County,132839,22,0,0,91.93,0.0,0.0,1
2024-06-03,Halland County,345074,314,880,12280,1109.41,536.17,58.91,4
2024-06-03,Gavleborg County,284558,85,0,0,154.02,0.0,0.0,2
2024-06-03,Dalarna County,286546,77,0,0,337.88,0.0,0.0,1
2024-06-10,Vastra Gotaland County,1772821,7926,12880,159274,18804.63,6349.54,622.22,20
2024-06-10,Vastmanland County,281158,111,0,60,487.28,7.79,0.0,1
2024-06-10,Stockholm County,2473307,1832,0,355,6438.25,60.49,0.0,7
2024-06-10,Sodermanland County,301542,96,0,63,698.83,5.52,0.0,2
2024-06-10,Skane County,1428626,599,0,279,1401.11,34.65,0.0,6
2024-06-10,Ostergotland County,472446,157,0,101,258.93,13.15,0.0,2
2024-06-10,Kronoberg County,203351,55,0,29,34.88,1.97,0.0,2
2024-06-10,Kalmar County,246352,62,0,68,299.15,5.85,0.0,3
2024-06-10,Jonkoping County,370009,89,0,81,748.03,8.38,0.0,2
2024-06-10,Halland County,345074,330,538,7793,1176.75,263.5,33.61,5
2024-06-10,Gavleborg County,284558,110,0,62,328.55,7.96,0.0,1
2024-06-10,Dalarna County,286546,91,0,67,233.98,7.73,0.0,2
2024-06-10,Blekinge County,157223,31,0,49,57.49,4.0,0.0,1
2024-06-17,Vastra Gotaland County,1772821,5031,22337,132042,20113.72,5663.24,1110.61,21
2024-06-17,Vastmanland County,281158,72,0,170,174.64,24.13,0.0,1
2024-06-17,Vasterbotten County,281138,91,0,128,225.76,10.68,0.0,1
2024-06-17,Stockholm County,2473307,1655,0,919,6395.62,107.02,0.0,3
2024-06-17,Skane County,1428626,644,0,642,2628.4,64.57,0.0,6
2024-06-17,Ostergotland County,472446,124,0,222,160.77,24.76,0.0,1
2024-06-17,Orebro County,308375,95,0,139,367.37,9.9,0.0,1
2024-06-17,Kronoberg County,203351,37,0,86,486.08,7.79,0.0,1
2024-06-17,Halland County,345074,156,0,11160,493.92,353.28,0.0,4
2024-06-17,Gavleborg County,284558,126,0,169,231.76,23.74,0.0,1
2024-06-17,Dalarna County,286546,75,0,212,347.05,22.53,0.0,1
2024-06-24,Vastra Gotaland County,1772821,9750,20665,165054,29775.36,8379.81,1010.96,24
2024-06-24,Vastmanland County,281158,97,0,0,434.49,0.0,0.0,2
2024-06-24,Vasternorrland County,241458,43,0,0,315.52,0.0,0.0,2
2024-06-24,Vasterbotten County,281138,82,0,0,648.19,0.0,0.0,1
2024-06-24,Varmland County,283384,122,0,0,405.46,0.0,0.0,1
2024-06-24,Uppsala County,407912,102,0,0,184.79,0.0,0.0,1
2024-06-24,Stockholm County,2473307,1882,0,0,3965.52,0.0,0.0,7
2024-06-24,Sodermanland County,301542,76,0,0,28.3,0.0,0.0,1
2024-06-24,Skane County,1428626,652,0,0,1785.24,0.0,0.0,6
2024-06-24,Ostergotland County,472446,134,0,0,656.25,0.0,0.0,2
2024-06-24,Orebro County,308375,90,0,0,123.3,0.0,0.0,1
2024-06-24,Kronoberg County,203351,31,0,0,168.28,0.0,0.0,2
2024-06-24,Kalmar County,246352,61,0,0,140.63,0.0,0.0,1
2024-06-24,Jonkoping County,370009,132,0,0,114.63,0.0,0.0,4
2024-06-24,Halland County,345074,391,0,12179,744.3,370.06,0.0,5
2024-06-24,Gavleborg County,284558,142,0,0,437.05,0.0,0.0,1
2024-06-24,Blekinge County,157223,48,0,0,207.28,0.0,0.0,2
2024-07-01,Vastra Gotaland County,1772821,9430,20826,198215,26178.89,9214.13,1023.14,23
2024-07-01,Vasternorrland County,241458,45,0,0,55.69,0.0,0.0,2
2024-07-01,Varmland County,283384,95,0,0,339.66,0.0,0.0,1
2024-07-01,Uppsala County,407912,110,0,0,136.77,0.0,0.0,3
2024-07-01,Stockholm County,2473307,1552,0,0,3931.33,0.0,0.0,6
2024-07-01,Skane County,1428626,633,0,0,2524.41,0.0,0.0,7
2024-07-01,Ostergotland County,472446,116,0,0,269.72,0.0,0.0,1
2024-07-01,Norrbotten County,248620,45,0,0,2.3,0.0,0.0,1
2024-07-01,Kronoberg County,203351,78,0,0,293.09,0.0,0.0,2
2024-07-01,Jonkoping County,370009,100,0,0,50.01,0.0,0.0,2
2024-07-01,Halland County,345074,411,0,14258,1174.0,392.94,0.0,3
2024-07-01,Gavleborg County,284558,77,0,0,154.95,0.0,0.0,1
2024-07-01,Dalarna County,286546,46,0,0,40.94,0.0,0.0,4
2024-07-01,Blekinge County,157223,25,0,0,44.21,0.0,0.0,2
2024-07-08,Vastra Gotaland County,1772821,6652,22827,269688,23544.49,10589.38,997.72,26
2024-07-08,Vastmanland County,281158,41,0,0,63.52,0.0,0.0,1
2024-07-08,Vasternorrland County,241458,48,0,0,32.1,0.0,0.0,1
2024-07-08,Vasterbotten County,281138,78,0,0,458.76,0.0,0.0,1
2024-07-08,Varmland County,283384,83,0,0,79.15,0.0,0.0,1
2024-07-08,Uppsala County,407912,111,0,0,361.23,0.0,0.0,3
2024-07-08,Stockholm County,2473307,1204,0,0,3479.77,0.0,0.0,7
2024-07-08,Sodermanland County,301542,82,0,0,141.94,0.0,0.0,2
2024-07-08,Skane County,1428626,598,1,0,1744.21,0.0,0.02,8
2024-07-08,Ostergotland County,472446,100,0,0,98.69,0.0,0.0,1
2024-07-08,Orebro County,308375,60,0,0,34.35,0.0,0.0,1
2024-07-08,Norrbotten County,248620,41,0,0,73.19,0.0,0.0,1
2024-07-08,Kronoberg County,203351,64,0,0,0.45,0.0,0.0,1
2024-07-08,Kalmar County,246352,83,0,0,256.3,0.0,0.0,1
2024-07-08,Jonkoping County,370009,97,0,0,199.89,0.0,0.0,3
2024-07-08,Halland County,345074,349,0,11900,925.94,331.27,0.0,6
2024-07-08,Gotland County,60971,17,0,0,252.76,0.0,0.0,1
2024-07-08,Dalarna County,286546,65,0,0,253.4,0.0,0.0,1
2024-07-08,Blekinge County,157223,30,0,0,203.81,0.0,0.0,1
2024-07-15,Vastra Gotaland County,1772821,5516,23103,250550,21592.24,10044.82,936.31,11
2024-07-15,Vastmanland County,281158,53,0,0,59.32,0.0,0.0,1
2024-07-15,Varmland County,283384,72,0,0,570.8,0.0,0.0,1
2024-07-15,Uppsala County,407912,92,0,0,593.94,0.0,0.0,1
2024-07-15,Stockholm County,2473307,1196,0,0,4209.18,0.0,0.0,2
2024-07-15,Sodermanland County,301542,75,0,0,496.73,0.0,0.0,2
2024-07-15,Skane County,1428626,457,1,0,1111.01,0.0,0.03,1
2024-07-15,Kronoberg County,203351,39,0,0,215.09,0.0,0.0,1
2024-07-15,Halland County,345074,266,2,11407,747.81,306.41,0.06,1
2024-07-22,Vastra Gotaland County,1772821,5121,19629,241077,15524.64,9454.79,803.3,11
2024-07-22,Vasternorrland County,241458,47,0,0,19.2,0.0,0.0,1
2024-07-22,Stockholm County,2473307,1464,0,0,2649.7,0.0,0.0,1
2024-07-22,Skane County,1428626,655,0,0,1214.22,0.0,0.0,1
2024-07-22,Ostergotland County,472446,109,0,0,237.08,0.0,0.0,1
2024-07-22,Orebro County,308375,87,0,0,270.87,0.0,0.0,1
2024-07-22,Kronoberg County,203351,48,0,0,359.05,0.0,0.0,1
2024-07-22,Halland County,345074,242,1,10477,675.33,226.79,0.02,1
2024-07-22,Blekinge County,157223,51,0,0,135.12,0.0,0.0,1
2024-07-29,Vastra Gotaland County,1772821,5729,18669,243590,25129.34,9436.65,849.2,9
2024-07-29,Vastmanland County,281158,76,0,0,149.33,0.0,0.0,1
2024-07-29,Uppsala County,407912,100,0,0,322.62,0.0,0.0,1
2024-07-29,Stockholm County,2473307,1755,0,0,5327.11,0.0,0.0,4
2024-07-29,Sodermanland County,301542,84,0,0,320.62,0.0,0.0,1
2024-07-29,Skane County,1428626,714,0,0,3267.48,0.0,0.0,2
2024-07-29,Ostergotland County,472446,138,0,0,609.24,0.0,0.0,1
2024-07-29,Halland County,345074,255,1,10402,1221.11,224.34,0.04,3
2024-07-29,Dalarna County,286546,67,0,0,237.45,0.0,0.0,1
2024-08-05,Vastra Gotaland County,1772821,5815,23932,248450,22881.51,10215.58,1023.05,23
2024-08-05,Vasternorrland County,241458,67,0,0,283.0,0.0,0.0,1
2024-08-05,Uppsala County,407912,136,0,0,548.24,0.0,0.0,3
2024-08-05,Stockholm County,2473307,1990,0,0,9350.68,0.0,0.0,6
2024-08-05,Sodermanland County,301542,102,0,0,500.29,0.0,0.0,3
2024-08-05,Skane County,1428626,782,0,0,3129.93,0.0,0.0,4
2024-08-05,Ostergotland County,472446,155,0,0,158.0,0.0,0.0,2
2024-08-05,Norrbotten County,248620,81,0,0,392.93,0.0,0.0,1
2024-08-05,Kronoberg County,203351,52,0,0,521.15,0.0,0.0,2
2024-08-05,Kalmar County,246352,86,0,0,401.24,0.0,0.0,1
2024-08-05,Jonkoping County,370009,131,0,0,659.54,0.0,0.0,2
2024-08-05,Jamtland County,132839,30,0,0,69.92,0.0,0.0,1
2024-08-05,Halland County,345074,223,1,10505,408.53,225.76,0.02,4
2024-08-05,Gavleborg County,284558,164,0,0,353.17,0.0,0.0,1
2024-08-05,Blekinge County,157223,40,0,0,250.34,0.0,0.0,1
2024-08-12,Vastra Gotaland County,1772821,7906,18697,229679,27211.26,10002.41,955.54,20
2024-08-12,Vastmanland County,281158,90,0,0,547.39,0.0,0.0,3
2024-08-12,Vasternorrland County,241458,64,0,0,203.54,0.0,0.0,4
2024-08-12,Varmland County,283384,107,0,0,451.11,0.0,0.0,1
2024-08-12,Uppsala County,407912,134,0,0,134.68,0.0,0.0,2
2024-08-12,Stockholm County,2473307,2043,0,0,5718.69,0.0,0.0,2
2024-08-12,Skane County,1428626,700,0,0,3716.44,0.0,0.0,5
2024-08-12,Ostergotland County,472446,126,0,0,380.95,0.0,0.0,2
2024-08-12,Orebro County,308375,96,0,0,329.36,0.0,0.0,1
2024-08-12,Norrbotten County,248620,83,0,0,667.23,0.0,0.0,1
2024-08-12,Kronoberg County,203351,35,0,0,91.44,0.0,0.0,2
2024-08-12,Kalmar County,246352,59,0,0,234.29,0.0,0.0,1
2024-08-12,Jonkoping County,370009,90,0,0,318.78,0.0,0.0,2
2024-08-12,Halland County,345074,293,0,10710,910.97,290.99,0.0,3
2024-08-12,Gavleborg County,284558,114,0,0,552.23,0.0,0.0,1
2024-08-12,Dalarna County,286546,70,0,0,198.53,0.0,0.0,1
2024-08-19,Vastra Gotaland County,1772821,10045,15336,217886,31056.88,10149.33,854.34,24
2024-08-19,Vasternorrland County,241458,56,0,59,194.85,14.85,0.0,1
2024-08-19,Varmland County,283384,117,0,71,1428.22,22.24,0.0,1
2024-08-19,Uppsala County,407912,136,0,71,577.8,18.28,0.0,1
2024-08-19,Stockholm County,2473307,2108,0,433,4157.64,132.13,0.0,6
2024-08-19,Skane County,1428626,633,0,295,1499.34,104.82,0.0,6
2024-08-19,Ostergotland County,472446,114,0,69,233.02,26.85,0.0,2
2024-08-19,Orebro County,308375,80,0,63,4.51,19.21,0.0,1
2024-08-19,Kronoberg County,203351,63,0,40,254.2,12.55,0.0,1
2024-08-19,Jonkoping County,370009,120,0,111,175.55,36.64,0.0,2
2024-08-19,Halland County,345074,308,0,10376,811.03,362.98,0.0,4
2024-08-19,Dalarna County,286546,71,0,82,72.22,21.2,0.0,1
2024-08-19,Blekinge County,157223,65,0,45,9.13,11.9,0.0,2
2024-08-26,Vastra Gotaland County,1772821,8874,9388,206230,25614.38,10088.45,556.42,21
2024-08-26,Vastmanland County,281158,61,0,27,226.89,9.42,0.0,2
2024-08-26,Vasternorrland County,241458,46,0,34,247.65,7.0,0.0,2
2024-08-26,Varmland County,283384,116,0,21,493.46,3.51,0.0,1
2024-08-26,Uppsala County,407912,120,0,39,173.78,6.65,0.0,2
2024-08-26,Stockholm County,2473307,2011,0,69554,7650.87,2234.91,0.0,7
2024-08-26,Skane County,1428626,653,0,186,1861.02,45.17,0.0,9
2024-08-26,Ostergotland County,472446,116,0,41,318.54,11.16,0.0,2
2024-08-26,Orebro County,308375,72,0,32,512.77,3.3,0.0,1
2024-08-26,Kronoberg County,203351,30,0,21,0.9,5.74,0.0,2
2024-08-26,Jonkoping County,370009,102,0,68,102.16,17.54,0.0,2
2024-08-26,Jamtland County,132839,26,0,16,2.88,3.43,0.0,2
2024-08-26,Halland County,345074,353,0,9311,1139.99,325.66,0.0,5
2024-08-26,Gotland County,60971,7,0,7,0.62,1.16,0.0,1
2024-08-26,Gavleborg County,284558,107,0,43,40.79,7.04,0.0,1
2024-08-26,Dalarna County,286546,61,0,45,152.61,7.21,0.0,1
2024-08-26,Blekinge County,157223,25,0,16,146.86,4.67,0.0,2
2024-09-02,Vastra Gotaland County,1772821,10563,19155,209582,28322.57,9644.62,1060.98,21
2024-09-02,Varmland County,283384,161,0,286,641.48,22.11,0.0,1
2024-09-02,Uppsala County,407912,176,0,223,1209.88,16.93,0.0,1
2024-09-02,Stockholm County,2473307,2913,0,164837,9298.87,5447.79,0.0,8
2024-09-02,Sodermanland County,301542,133,0,266,1138.26,24.71,0.0,1
2024-09-02,Skane County,1428626,878,0,985,1854.65,92.52,0.0,9
2024-09-02,Ostergotland County,472446,170,0,379,406.72,38.53,0.0,2
2024-09-02,Orebro County,308375,136,0,292,318.59,22.73,0.0,1
2024-09-02,Kronoberg County,203351,65,0,143,300.45,11.82,0.0,2
2024-09-02,Kalmar County,246352,82,0,190,148.25,16.51,0.0,2
2024-09-02,Jonkoping County,370009,165,0,364,225.08,38.74,0.0,3
2024-09-02,Jamtland County,132839,34,0,133,21.73,13.9,0.0,1
2024-09-02,Halland County,345074,377,351,9793,879.37,323.51,27.27,3
2024-09-02,Gotland County,60971,23,0,61,1.16,5.93,0.0,1
2024-09-02,Gavleborg County,284558,168,0,401,17.12,32.41,0.0,1
2024-09-02,Dalarna County,286546,100,0,358,463.67,31.96,0.0,1
2024-09-09,Vastra Gotaland County,1772821,9404,19203,212806,27021.74,9375.39,1412.05,23
2024-09-09,Vasterbotten County,281138,113,0,150,163.0,25.58,0.0,1
2024-09-09,Varmland County,283384,159,0,173,543.66,28.23,0.0,1
2024-09-09,Uppsala County,407912,164,0,131,498.0,21.73,0.0,2
2024-09-09,Stockholm County,2473307,2460,0,162783,8763.91,5492.51,0.0,4
2024-09-09,Sodermanland County,301542,113,0,158,328.34,26.69,0.0,2
2024-09-09,Skane County,1428626,760,0,640,1960.11,105.82,0.0,4
2024-09-09,Ostergotland County,472446,132,0,193,710.68,30.47,0.0,1
2024-09-09,Norrbotten County,248620,69,0,107,57.72,17.47,0.0,1
2024-09-09,Kronoberg County,203351,54,0,104,17.64,14.21,0.0,2
2024-09-09,Kalmar County,246352,80,0,112,341.0,21.29,0.0,1
2024-09-09,Jonkoping County,370009,184,0,252,292.05,43.98,0.0,2
2024-09-09,Jamtland County,132839,32,0,87,420.19,15.41,0.0,1
2024-09-09,Halland County,345074,388,430,9596,440.06,347.93,32.96,5
2024-09-09,Gavleborg County,284558,152,0,196,272.37,34.63,0.0,2
2024-09-16,Vastra Gotaland County,1772821,10869,300867,205201,32132.01,9500.12,20068.06,21
2024-09-16,Vastmanland County,281158,88,0,116,906.47,29.12,0.0,1
2024-09-16,Vasternorrland County,241458,79,0,127,8.13,32.28,0.0,2
2024-09-16,Vasterbotten County,281138,91,0,114,95.74,22.95,0.0,1
2024-09-16,Varmland County,283384,166,0,117,141.01,20.65,0.0,2
2024-09-16,Uppsala County,407912,172,0,130,668.58,28.77,0.0,2
2024-09-16,Stockholm County,2473307,2718,0,56521,6243.42,2952.24,0.0,4
2024-09-16,Sodermanland County,301542,122,0,115,189.68,29.77,0.0,1
2024-09-16,Skane County,1428626,791,0,578,2059.94,135.33,0.0,5
2024-09-16,Ostergotland County,472446,136,0,175,222.45,35.34,0.0,2
2024-09-16,Orebro County,308375,137,0,138,186.56,26.01,0.0,1
2024-09-16,Kronoberg County,203351,45,0,95,37.03,16.65,0.0,2
2024-09-16,Kalmar County,246352,74,0,83,2.13,21.15,0.0,1
2024-09-16,Jonkoping County,370009,126,0,206,459.26,56.65,0.0,2
2024-09-16,Halland County,345074,406,33025,9209,698.03,320.0,2122.41,5
2024-09-16,Gotland County,60971,18,0,27,0.0,7.05,0.0,1
2024-09-16,Gavleborg County,284558,135,0,166,163.07,31.64,0.0,1
2024-09-16,Dalarna County,286546,100,0,151,62.53,37.77,0.0,2
2024-09-23,Vastra Gotaland County,1772821,12110,235336,199878,28291.85,9221.78,15836.9,19
2024-09-23,Vasternorrland County,241458,36,0,26,5.38,6.56,0.0,2
2024-09-23,Vasterbotten County,281138,98,0,28,231.36,4.19,0.0,1
2024-09-23,Varmland County,283384,187,0,11,895.95,0.84,0.0,4
2024-09-23,Uppsala County,407912,148,0,20,349.1,6.09,0.0,3
2024-09-23,Stockholm County,2473307,2994,0,115103,6041.29,6220.43,0.0,7
2024-09-23,Sodermanland County,301542,97,0,24,220.1,2.9,0.0,3
2024-09-23,Skane County,1428626,850,0,129,1575.44,30.12,0.0,8
2024-09-23,Other,0,0,0,0,0.0,0.0,0.0,2
2024-09-23,Ostergotland County,472446,126,0,42,241.25,9.42,0.0,2
2024-09-23,Kronoberg County,203351,57,0,19,73.32,2.22,0.0,2
2024-09-23,Jonkoping County,370009,158,0,48,250.82,9.28,0.0,1
2024-09-23,Jamtland County,132839,41,0,23,18.14,4.84,0.0,2
2024-09-23,Halland County,345074,410,25475,8555,1673.06,331.44,1753.65,5
2024-09-23,Gotland County,60971,22,0,3,0.46,0.44,0.0,1
2024-09-23,Gavleborg County,284558,140,0,32,535.58,4.1,0.0,4
2024-09-23,Dalarna County,286546,96,0,31,315.6,6.08,0.0,2
2024-09-30,Vastra Gotaland County,1772821,11633,147785,198723,27046.9,9387.67,10067.91,20
2024-09-30,Vastmanland County,281158,112,0,90,54.83,12.16,0.0,2
2024-09-30,Vasternorrland County,241458,79,0,125,26.89,23.18,0.0,1
2024-09-30,Varmland County,283384,227,0,124,256.9,22.51,0.0,4
2024-09-30,Uppsala County,407912,174,0,104,428.99,17.91,0.0,2
2024-09-30,Stockholm County,2473307,3414,0,99145,9004.54,5461.52,0.0,7
2024-09-30,Sodermanland County,301542,150,0,106,213.53,26.23,0.0,1
2024-09-30,Skane County,1428626,873,0,478,1594.11,103.56,0.0,5
2024-09-30,Ostergotland County,472446,218,0,172,248.52,37.98,0.0,2
2024-09-30,Orebro County,308375,180,0,92,470.07,15.22,0.0,2
2024-09-30,Kronoberg County,203351,96,0,94,384.76,12.45,0.0,2
2024-09-30,Kalmar County,246352,99,0,93,73.86,16.82,0.0,3
2024-09-30,Jonkoping County,370009,163,0,160,115.32,35.15,0.0,2
2024-09-30,Jamtland County,132839,44,0,59,18.22,15.65,0.0,1
2024-09-30,Halland County,345074,477,19381,8751,1418.38,308.14,1077.51,4
2024-09-30,Gavleborg County,284558,204,0,138,986.57,26.25,0.0,1
2024-09-30,Dalarna County,286546,143,0,130,398.3,31.91,0.0,1
2024-09-30,Blekinge County,157223,54,0,71,69.83,15.44,0.0,1
2024-10-07,Vastra Gotaland County,1772821,10519,147969,196589,27650.42,9406.03,10081.78,23
2024-10-07,Vasternorrland County,241458,73,0,243,147.03,30.48,0.0,2
2024-10-07,Varmland County,283384,185,0,275,272.37,23.96,0.0,2
2024-10-07,Uppsala County,407912,197,0,259,877.68,26.73,0.0,2
2024-10-07,Stockholm County,2473307,3106,0,1284,7365.91,187.26,0.0,6
2024-10-07,Sodermanland County,301542,135,0,263,783.84,28.98,0.0,1
2024-10-07,Skane County,1428626,930,3,1068,3156.46,125.78,0.15,7
2024-10-07,Ostergotland County,472446,216,0,342,460.34,43.19,0.0,1
2024-10-07,Orebro County,308375,150,0,258,46.01,28.35,0.0,2
2024-10-07,Norrbotten County,248620,114,0,185,3.69,23.36,0.0,1
2024-10-07,Kalmar County,246352,80,0,241,87.75,25.66,0.0,1
2024-10-07,Jonkoping County,370009,201,0,388,441.31,47.96,0.0,1
2024-10-07,Jamtland County,132839,47,0,150,600.7,17.64,0.0,1
2024-10-07,Halland County,345074,426,20204,8832,689.86,335.68,1060.26,4
2024-10-07,Gavleborg County,284558,156,0,295,234.11,39.4,0.0,1
2024-10-07,Blekinge County,157223,70,0,188,132.82,21.8,0.0,2
2024-10-14,Vastra Gotaland County,1772821,10299,129339,189317,26418.78,9259.82,9039.56,20
2024-10-14,Vasternorrland County,241458,81,0,30,19.6,6.06,0.0,1
2024-10-14,Vasterbotten County,281138,201,0,29,954.76,3.37,0.0,1
2024-10-14,Varmland County,283384,155,0,34,420.93,2.35,0.0,1
2024-10-14,Uppsala County,407912,161,0,46,414.41,3.93,0.0,2
2024-10-14,Stockholm County,2473307,3023,0,196,8117.69,31.57,0.0,9
2024-10-14,Sodermanland County,301542,131,0,42,192.76,5.91,0.0,1
2024-10-14,Skane County,1428626,882,0,131,1761.93,19.79,0.0,8
2024-10-14,Ostergotland County,472446,151,0,56,588.68,6.86,0.0,2
2024-10-14,Norrbotten County,248620,93,0,32,243.21,3.93,0.0,2
2024-10-14,Kronoberg County,203351,73,0,20,106.61,2.67,0.0,1
2024-10-14,Kalmar County,246352,95,0,35,0.93,2.37,0.0,2
2024-10-14,Jonkoping County,370009,184,0,60,341.64,6.62,0.0,3
2024-10-14,Jamtland County,132839,39,0,16,1.01,1.62,0.0,1
2024-10-14,Halland County,345074,509,18680,8174,1372.92,299.68,976.02,5
2024-10-14,Dalarna County,286546,79,0,62,14.03,8.38,0.0,3
2024-10-21,Vastra Gotaland County,1772821,10567,121632,230391,29739.75,12866.7,8370.46,20
2024-10-21,Vastmanland County,281158,117,0,631,1198.59,67.13,0.0,1
2024-10-21,Vasternorrland County,241458,63,0,630,28.88,76.7,0.0,1
2024-10-21,Vasterbotten County,281138,175,0,712,5.87,83.71,0.0,3
2024-10-21,Varmland County,283384,215,0,673,1244.19,70.97,0.0,2
2024-10-21,Uppsala County,407912,198,0,708,170.16,78.7,0.0,1
2024-10-21,Stockholm County,2473307,2728,0,4257,4715.65,533.59,0.0,3
2024-10-21,Sodermanland County,301542,139,0,639,18.33,68.25,0.0,1
2024-10-21,Skane County,1428626,1003,0,2869,2364.1,331.9,0.0,4
2024-10-21,Ostergotland County,472446,160,0,896,270.5,99.66,0.0,2
2024-10-21,Kronoberg County,203351,72,0,411,28.24,42.87,0.0,1
2024-10-21,Jamtland County,132839,44,0,330,80.27,39.22,0.0,1
2024-10-21,Halland County,345074,499,16172,12398,1607.71,547.92,851.09,4
2024-10-21,Gavleborg County,284558,201,0,862,311.36,98.67,0.0,2
2024-10-21,Dalarna County,286546,121,0,824,9.42,93.76,0.0,4
2024-10-28,Vastra Gotaland County,1772821,10253,64633,238932,28968.31,12447.38,4453.23,22
2024-10-28,Vastmanland County,281158,144,0,193,861.9,19.83,0.0,1
2024-10-28,Varmland County,283384,166,0,203,253.99,12.82,0.0,2
2024-10-28,Uppsala County,407912,128,0,258,0.73,16.64,0.0,1
2024-10-28,Stockholm County,2473307,2392,0,1628,5468.11,150.48,0.0,4
2024-10-28,Sodermanland County,301542,108,0,231,557.29,24.65,0.0,1
2024-10-28,Skane County,1428626,866,1,977,2526.02,80.64,0.05,5
2024-10-28,Ostergotland County,472446,147,0,318,483.28,29.71,0.0,1
2024-10-28,Orebro County,308375,115,0,221,317.5,18.42,0.0,2
2024-10-28,Norrbotten County,248620,109,0,203,186.1,18.39,0.0,1
2024-10-28,Kronoberg County,203351,79,0,139,194.68,11.92,0.0,1
2024-10-28,Jonkoping County,370009,147,0,317,48.84,27.09,0.0,2
2024-10-28,Halland County,345074,385,6827,11723,787.35,508.31,355.4,2
2024-10-28,Gotland County,60971,16,0,56,0.36,5.22,0.0,1
2024-10-28,Gavleborg County,284558,147,0,245,1.96,25.57,0.0,2
2024-10-28,Dalarna County,286546,104,0,217,182.16,19.2,0.0,1
2024-11-04,Vastra Gotaland County,1772821,10901,14645,259648,32945.44,15347.95,1442.44,14
2024-11-04,Vasternorrland County,241458,59,0,2,614.54,0.16,0.0,1
2024-11-04,Varmland County,283384,179,0,6,161.69,0.28,0.0,1
2024-11-04,Uppsala County,407912,180,0,0,34.15,0.0,0.0,2
2024-11-04,Stockholm County,2473307,2996,0,2,6294.8,0.18,0.0,1
2024-11-04,Skane County,1428626,1094,0,1,1402.03,0.03,0.0,6
2024-11-04,Kronoberg County,203351,90,0,1,28.67,0.03,0.0,2
2024-11-04,Kalmar County,246352,108,0,3,126.62,0.09,0.0,1
2024-11-04,Jonkoping County,370009,166,0,7,93.79,0.15,0.0,2
2024-11-04,Halland County,345074,456,389,12077,1702.01,516.23,39.3,3
2024-11-11,Vastra Gotaland County,1772821,10080,13869,267284,29587.77,18449.92,1371.85,19
2024-11-11,Varmland County,283384,196,0,234,300.88,13.75,0.0,2
2024-11-11,Uppsala County,407912,146,0,122,618.68,8.2,0.0,4
2024-11-11,Stockholm County,2473307,2646,0,672,4508.46,48.31,0.0,5
2024-11-11,Sodermanland County,301542,111,0,117,1134.79,7.59,0.0,1
2024-11-11,Skane County,1428626,938,0,595,2247.57,37.24,0.0,4
2024-11-11,Orebro County,308375,140,0,124,157.4,8.49,0.0,1
2024-11-11,Norrbotten County,248620,84,0,117,120.37,8.08,0.0,4
2024-11-11,Jamtland County,132839,24,0,49,0.31,2.96,0.0,1
2024-11-11,Halland County,345074,487,371,12133,348.64,562.76,37.71,4
2024-11-11,Blekinge County,157223,72,0,80,125.76,4.49,0.0,1
2024-11-18,Vastra Gotaland County,1772821,8610,14497,261854,33203.84,20573.29,1237.74,22
2024-11-18,Vastmanland County,281158,109,0,0,7.01,0.0,0.0,1
2024-11-18,Varmland County,283384,209,0,5,398.38,0.12,0.0,3
2024-11-18,Uppsala County,407912,196,0,0,649.18,0.0,0.0,2
2024-11-18,Stockholm County,2473307,2495,0,3,2884.01,0.12,0.0,5
2024-11-18,Skane County,1428626,961,2,0,2863.63,0.0,0.17,3
2024-11-18,Ostergotland County,472446,175,0,0,241.07,0.0,0.0,1
2024-11-18,Orebro County,308375,123,0,0,63.63,0.0,0.0,1
2024-11-18,Kronoberg County,203351,79,0,0,49.45,0.0,0.0,1
2024-11-18,Kalmar County,246352,108,0,4,136.21,0.12,0.0,2
2024-11-18,Jonkoping County,370009,195,0,11,503.86,0.41,0.0,1
2024-11-18,Jamtland County,132839,27,0,0,0.01,0.0,0.0,1
2024-11-18,Halland County,345074,466,400,10925,523.37,490.59,39.8,2
2024-11-18,Gavleborg County,284558,200,0,0,420.61,0.0,0.0,1
2024-11-18,Dalarna County,286546,117,0,2,61.07,0.08,0.0,1
2024-11-18,Blekinge County,157223,109,0,0,23.61,0.0,0.0,1
2024-11-25,Vastra Gotaland County,1772821,9172,12568,230045,28128.9,18838.42,1024.71,13
2024-11-25,Vastmanland County,281158,89,0,738,416.07,94.23,0.0,2
2024-11-25,Varmland County,283384,142,0,901,269.08,83.5,0.0,1
2024-11-25,Uppsala County,407912,145,0,819,43.59,83.21,0.0,2
2024-11-25,Stockholm County,2473307,2552,0,4854,5057.28,655.32,0.0,4
2024-11-25,Skane County,1428626,844,1,3883,1465.65,446.78,0.09,4
2024-11-25,Ostergotland County,472446,123,0,925,291.27,116.65,0.0,1
2024-11-25,Orebro County,308375,111,0,765,369.42,74.94,0.0,1
2024-11-25,Norrbotten County,248620,96,0,685,90.26,76.47,0.0,1
2024-11-25,Kronoberg County,203351,63,0,460,177.92,45.96,0.0,2
2024-11-25,Kalmar County,246352,93,0,811,42.42,74.85,0.0,2
2024-11-25,Jonkoping County,370009,141,0,1156,382.39,126.95,0.0,2
2024-11-25,Halland County,345074,418,350,10741,1505.91,631.11,29.21,2
2024-11-25,Blekinge County,157223,83,0,549,640.13,62.53,0.0,2
2024-12-02,Vastra Gotaland County,1772821,10945,15243,236966,29316.33,16797.35,1259.7,16
2024-12-02,Vasternorrland County,241458,59,0,539,379.42,58.65,0.0,1
2024-12-02,Varmland County,283384,152,0,506,179.02,47.84,0.0,2
2024-12-02,Stockholm County,2473307,3183,0,3371,6603.82,472.88,0.0,4
2024-12-02,Sodermanland County,301542,168,0,591,508.01,74.38,0.0,1
2024-12-02,Skane County,1428626,1013,0,2663,1581.56,305.66,0.0,4
2024-12-02,Ostergotland County,472446,171,1,650,427.78,62.49,0.11,1
2024-12-02,Kronoberg County,203351,86,0,401,492.21,49.1,0.0,1
2024-12-02,Kalmar County,246352,128,0,548,351.96,68.68,0.0,1
2024-12-02,Jonkoping County,370009,217,0,837,23.74,101.74,0.0,3
2024-12-02,Jamtland County,132839,35,0,258,21.13,30.38,0.0,1
2024-12-02,Halland County,345074,412,460,11405,919.59,559.38,39.14,4
2024-12-02,Gavleborg County,284558,206,0,762,1072.32,93.84,0.0,1
2024-12-09,Vastra Gotaland County,1772821,15754,16605,251203,32778.28,16897.06,1210.61,20
2024-12-09,Vasternorrland County,241458,80,0,971,65.71,54.0,0.0,2
2024-12-09,Varmland County,283384,279,1,1049,102.72,48.7,0.12,1
2024-12-09,Uppsala County,407912,211,0,968,155.36,63.34,0.0,2
2024-12-09,Stockholm County,2473307,4068,4,4749,4686.91,334.35,0.35,11
2024-12-09,Sodermanland County,301542,205,0,940,365.79,64.21,0.0,2
2024-12-09,Skane County,1428626,1336,0,4255,1391.46,293.6,0.0,5
2024-12-09,Ostergotland County,472446,244,0,1501,137.75,77.08,0.0,3
2024-12-09,Orebro County,308375,244,0,991,181.3,62.53,0.0,3
2024-12-09,Norrbotten County,248620,113,0,936,40.56,76.35,0.0,1
2024-12-09,Kronoberg County,203351,131,0,711,37.32,51.67,0.0,1
2024-12-09,Kalmar County,246352,119,0,993,121.05,71.06,0.0,1
2024-12-09,Jonkoping County,370009,226,0,1264,105.53,85.86,0.0,2
2024-12-09,Jamtland County,132839,33,0,477,0.57,26.66,0.0,1
2024-12-09,Halland County,345074,660,439,12296,1313.94,574.46,31.18,4
2024-12-09,Gavleborg County,284558,253,0,1142,1195.68,77.96,0.0,1
2024-12-09,Dalarna County,286546,168,0,1372,37.22,84.13,0.0,2
2024-12-09,Blekinge County,157223,149,0,577,235.51,29.92,0.0,1
2024-12-16,Vastra Gotaland County,1772821,10555,15908,262376,28583.71,16855.6,1100.87,22
2024-12-16,Vastmanland County,281158,103,0,590,158.06,87.17,0.0,2
2024-12-16,Vasternorrland County,241458,59,0,350,4.66,45.18,0.0,1
2024-12-16,Varmland County,283384,182,0,409,1169.29,47.41,0.0,2
2024-12-16,Uppsala County,407912,119,0,314,647.33,38.09,0.0,1
2024-12-16,Stockholm County,2473307,2555,0,2290,6586.26,314.06,0.0,10
2024-12-16,Sodermanland County,301542,106,0,572,59.3,79.26,0.0,2
2024-12-16,Skane County,1428626,853,0,2112,1726.32,261.84,0.0,11
2024-12-16,Ostergotland County,472446,148,0,673,101.64,83.45,0.0,1
2024-12-16,Orebro County,308375,138,0,585,230.82,84.07,0.0,1
2024-12-16,Kronoberg County,203351,79,0,314,174.72,49.49,0.0,2
2024-12-16,Kalmar County,246352,138,0,446,459.96,63.68,0.0,1
2024-12-16,Jonkoping County,370009,162,0,696,117.3,92.73,0.0,3
2024-12-16,Halland County,345074,464,430,12197,468.01,541.66,30.93,4
2024-12-16,Dalarna County,286546,103,0,521,1215.22,65.89,0.0,1
2024-12-16,Blekinge County,157223,70,0,266,244.65,35.19,0.0,1
2024-12-23,Vastra Gotaland County,1772821,7123,11403,339363,26308.52,16933.06,931.04,3
2024-12-23,Uppsala County,407912,102,0,711,102.34,60.1,0.0,1
2024-12-23,Stockholm County,2473307,1777,0,3603,3999.1,338.6,0.0,2
2024-12-23,Halland County,345074,396,346,14972,1624.86,558.14,26.77,2
2025-01-06,Vastra Gotaland County,1772821,8033,68235,0,20440.56,0.0,3620.95,10
2025-01-06,Varmland County,283384,95,0,0,311.19,0.0,0.0,1
2025-01-06,Stockholm County,2473307,1372,0,0,4063.94,0.0,0.0,1
2025-01-06,Halland County,345074,379,1493,0,672.03,0.0,76.33,1
2025-01-13,Vastra Gotaland County,1772821,10834,135935,370186,27027.66,16446.04,6746.02,20
2025-01-13,Vasternorrland County,241458,54,0,1,1113.34,0.03,0.0,2
2025-01-13,Varmland County,283384,134,0,5,46.9,0.09,0.0,1
2025-01-13,Uppsala County,407912,109,0,0,4.65,0.0,0.0,1
2025-01-13,Stockholm County,2473307,2339,0,6,8097.96,0.11,0.0,5
2025-01-13,Sodermanland County,301542,83,0,0,174.61,0.0,0.0,1
2025-01-13,Skane County,1428626,831,0,3,1938.58,0.07,0.0,8
2025-01-13,Ostergotland County,472446,129,0,2,103.28,0.01,0.0,1
2025-01-13,Orebro County,308375,104,0,0,41.75,0.0,0.0,1
2025-01-13,Kronoberg County,203351,76,0,0,23.92,0.0,0.0,2
2025-01-13,Kalmar County,246352,92,0,2,74.22,0.13,0.0,1
2025-01-13,Jonkoping County,370009,130,0,8,297.44,0.47,0.0,1
2025-01-13,Jamtland County,132839,36,0,1,162.58,0.06,0.0,1
2025-01-13,Halland County,345074,430,3486,15397,1416.09,491.52,171.34,5
2025-01-13,Gavleborg County,284558,141,0,0,431.42,0.0,0.0,3
2025-01-13,Dalarna County,286546,99,0,1,200.93,0.04,0.0,2
2025-01-13,Blekinge County,157223,60,0,1,366.35,0.0,0.0,1
2025-01-20,Vastra Gotaland County,1772821,9678,134972,334701,28818.28,16370.95,6864.35,21
2025-01-20,Vastmanland County,281158,83,0,4,22.81,0.12,0.0,1
2025-01-20,Varmland County,283384,133,0,3,149.16,0.02,0.0,3
2025-01-20,Uppsala County,407912,94,0,1,34.99,0.02,0.0,2
2025-01-20,Stockholm County,2473307,2188,0,7,6714.3,0.24,0.0,7
2025-01-20,Sodermanland County,301542,86,0,0,92.64,0.0,0.0,1
2025-01-20,Skane County,1428626,747,0,6,2889.29,0.15,0.0,7
2025-01-20,Ostergotland County,472446,121,0,4,3.92,0.04,0.0,2
2025-01-20,Orebro County,308375,117,0,0,109.54,0.0,0.0,2
2025-01-20,Kronoberg County,203351,76,0,0,85.52,0.0,0.0,3
2025-01-20,Kalmar County,246352,90,0,0,85.93,0.0,0.0,1
2025-01-20,Jonkoping County,370009,122,0,6,67.13,0.1,0.0,4
2025-01-20,Halland County,345074,377,2866,14571,694.06,505.75,144.21,3
2025-01-20,Gotland County,60971,13,0,0,0.42,0.0,0.0,1
2025-01-20,Gavleborg County,284558,140,0,0,719.87,0.0,0.0,2
2025-01-20,Dalarna County,286546,102,0,0,288.91,0.0,0.0,2
2025-01-20,Blekinge County,157223,56,0,0,237.66,0.0,0.0,2
2025-01-27,Vastra Gotaland County,1772821,7499,135507,300504,29810.94,15282.89,6586.19,18
2025-01-27,Varmland County,283384,157,0,2,1500.29,0.06,0.0,2
2025-01-27,Uppsala County,407912,98,0,4,137.43,0.29,0.0,4
2025-01-27,Stockholm County,2473307,2472,0,28,6834.85,0.93,0.0,12
2025-01-27,Sodermanland County,301542,127,0,2,465.36,0.04,0.0,1
2025-01-27,Skane County,1428626,638,0,18,2255.72,0.74,0.0,5
2025-01-27,Ostergotland County,472446,129,0,6,551.64,0.23,0.0,2
2025-01-27,Orebro County,308375,106,0,5,586.86,0.21,0.0,1
2025-01-27,Kronoberg County,203351,65,0,4,92.47,0.08,0.0,2
2025-01-27,Kalmar County,246352,97,0,4,146.19,0.11,0.0,1
2025-01-27,Jonkoping County,370009,103,0,7,107.23,0.17,0.0,1
2025-01-27,Halland County,345074,346,2633,12895,1125.22,365.4,128.16,5
2025-01-27,Gavleborg County,284558,151,0,2,163.23,0.08,0.0,3
2025-01-27,Dalarna County,286546,97,0,3,95.62,0.18,0.0,1
2025-02-03,Vastra Gotaland County,1772821,7753,118142,283155,26154.84,15203.23,6536.07,22
2025-02-03,Vasternorrland County,241458,65,0,0,211.56,0.0,0.0,2
2025-02-03,Varmland County,283384,194,0,4,772.87,0.12,0.0,1
2025-02-03,Uppsala County,407912,95,0,2,691.93,0.09,0.0,5
2025-02-03,Stockholm County,2473307,2572,0,9,8147.97,0.35,0.0,6
2025-02-03,Sodermanland County,301542,82,0,0,276.73,0.0,0.0,2
2025-02-03,Skane County,1428626,649,0,9,2014.46,0.35,0.0,8
2025-02-03,Ostergotland County,472446,130,0,3,118.46,0.08,0.0,1
2025-02-03,Orebro County,308375,110,0,0,352.97,0.0,0.0,1
2025-02-03,Norrbotten County,248620,41,0,1,2.93,0.0,0.0,1
2025-02-03,Kronoberg County,203351,67,0,2,6.99,0.08,0.0,2
2025-02-03,Kalmar County,246352,92,0,2,754.07,0.12,0.0,3
2025-02-03,Jonkoping County,370009,133,0,7,193.93,0.16,0.0,3
2025-02-03,Halland County,345074,256,2625,12534,626.26,360.6,141.02,5
2025-02-03,Gotland County,60971,28,0,0,69.14,0.0,0.0,1
2025-02-03,Gavleborg County,284558,139,0,1,63.33,0.06,0.0,3
2025-02-03,Blekinge County,157223,66,0,4,0.93,0.09,0.0,1
2025-02-10,Vastra Gotaland County,1772821,8857,154120,274361,21531.76,14246.78,6865.38,25
2025-02-10,Vastmanland County,281158,73,0,3,187.47,0.14,0.0,1
2025-02-10,Vasternorrland County,241458,48,0,3,124.68,0.12,0.0,1
2025-02-10,Vasterbotten County,281138,96,0,3,77.31,0.06,0.0,1
2025-02-10,Varmland County,283384,153,0,15,938.62,0.58,0.0,1
2025-02-10,Uppsala County,407912,88,0,10,256.77,0.39,0.0,2
2025-02-10,Stockholm County,2473307,2688,0,67,7538.85,2.6,0.0,10
2025-02-10,Sodermanland County,301542,74,0,5,12.27,0.21,0.0,2
2025-02-10,Skane County,1428626,641,0,40,975.64,1.81,0.0,3
2025-02-10,Ostergotland County,472446,122,0,7,184.37,0.53,0.0,3
2025-02-10,Orebro County,308375,80,0,13,346.64,0.57,0.0,2
2025-02-10,Kronoberg County,203351,64,0,13,115.29,0.69,0.0,3
2025-02-10,Kalmar County,246352,50,0,16,128.36,0.36,0.0,1
2025-02-10,Jonkoping County,370009,87,0,18,51.29,0.29,0.0,2
2025-02-10,Jamtland County,132839,49,0,0,96.51,0.0,0.0,1
2025-02-10,Halland County,345074,271,3025,11824,366.39,333.98,137.34,5
2025-02-10,Gavleborg County,284558,132,0,4,91.37,0.17,0.0,1
2025-02-10,Dalarna County,286546,74,0,18,5.24,0.51,0.0,1
2025-02-17,Vastra Gotaland County,1772821,8991,164892,264131,34210.59,13421.91,7234.17,22
2025-02-17,Vastmanland County,281158,129,0,44,509.31,1.48,0.0,1
2025-02-17,Vasterbotten County,281138,87,0,40,64.78,1.09,0.0,1
2025-02-17,Varmland County,283384,174,0,62,203.76,1.51,0.0,1
2025-02-17,Uppsala County,407912,173,0,46,527.32,1.01,0.0,1
2025-02-17,Stockholm County,2473307,3041,0,225,9586.21,6.74,0.0,10
2025-02-17,Sodermanland County,301542,120,0,34,247.37,1.57,0.0,1
2025-02-17,Skane County,1428626,909,0,203,2585.11,5.71,0.0,7
2025-02-17,Orebro County,308375,123,0,62,345.85,1.52,0.0,1
2025-02-17,Kronoberg County,203351,121,0,38,29.99,1.06,0.0,2
2025-02-17,Kalmar County,246352,131,0,51,167.95,1.14,0.0,3
2025-02-17,Jonkoping County,370009,173,0,119,339.47,2.76,0.0,2
2025-02-17,Jamtland County,132839,44,0,20,97.52,0.41,0.0,1
2025-02-17,Halland County,345074,381,3691,11511,332.93,324.64,168.62,6
2025-02-17,Gotland County,60971,33,0,2,19.37,0.06,0.0,1
2025-02-17,Gavleborg County,284558,160,0,25,102.76,0.68,0.0,1
2025-02-17,Dalarna County,286546,101,0,29,611.23,0.99,0.0,1
2025-02-17,Blekinge County,157223,116,0,46,322.29,1.18,0.0,1
2025-02-24,Vastra Gotaland County,1772821,9491,166347,252918,33152.62,12931.05,7191.56,22
2025-02-24,Vasterbotten County,281138,89,0,15,94.58,0.46,0.0,1
2025-02-24,Varmland County,283384,141,0,32,123.94,0.83,0.0,2
2025-02-24,Stockholm County,2473307,2551,0,109,7216.29,3.74,0.0,9
2025-02-24,Sodermanland County,301542,88,0,20,112.04,0.73,0.0,1
2025-02-24,Skane County,1428626,727,0,99,2532.76,2.66,0.0,8
2025-02-24,Ostergotland County,472446,139,0,27,7.35,0.66,0.0,2
2025-02-24,Orebro County,308375,110,0,26,323.05,0.5,0.0,3
2025-02-24,Kronoberg County,203351,71,0,18,79.82,0.61,0.0,1
2025-02-24,Kalmar County,246352,59,0,30,103.53,0.71,0.0,3
2025-02-24,Jonkoping County,370009,135,0,75,289.9,2.29,0.0,3
2025-02-24,Jamtland County,132839,23,0,13,0.08,0.55,0.0,1
2025-02-24,Halland County,345074,334,3591,11251,912.98,322.15,162.49,5
2025-02-24,Gotland County,60971,20,0,6,0.57,0.13,0.0,1
2025-02-24,Dalarna County,286546,66,0,26,222.23,0.73,0.0,2